periodo,edificacion_indice,publico_indice,privado_indice,unidad,fuente,nota
2018-01,97.486269,80.888241,99.535749,índice 2018=100,INEGI - ENEC,Valor de producción de edificación y desglose por sector contratante; serie histórica canónica del proyecto.
2018-02,95.285849,92.286483,95.656203,índice 2018=100,INEGI - ENEC,Valor de producción de edificación y desglose por sector contratante; serie histórica canónica del proyecto.
2018-03,97.816783,99.156887,97.651311,índice 2018=100,INEGI - ENEC,Valor de producción de edificación y desglose por sector contratante; serie histórica canónica del proyecto.
2018-04,91.582175,88.662864,91.942643,índice 2018=100,INEGI - ENEC,Valor de producción de edificación y desglose por sector contratante; serie histórica canónica del proyecto.
2018-05,100.864633,98.757007,101.124876,índice 2018=100,INEGI - ENEC,Valor de producción de edificación y desglose por sector contratante; serie histórica canónica del proyecto.
2018-06,99.967485,95.030985,100.577031,índice 2018=100,INEGI - ENEC,Valor de producción de edificación y desglose por sector contratante; serie histórica canónica del proyecto.
2018-07,99.632527,105.552854,98.9015,índice 2018=100,INEGI - ENEC,Valor de producción de edificación y desglose por sector contratante; serie histórica canónica del proyecto.
2018-08,100.640879,101.702242,100.509825,índice 2018=100,INEGI - ENEC,Valor de producción de edificación y desglose por sector contratante; serie histórica canónica del proyecto.
2018-09,104.064159,109.144752,103.436821,índice 2018=100,INEGI - ENEC,Valor de producción de edificación y desglose por sector contratante; serie histórica canónica del proyecto.
2018-10,102.240503,106.149466,101.757835,índice 2018=100,INEGI - ENEC,Valor de producción de edificación y desglose por sector contratante; serie histórica canónica del proyecto.
2018-11,101.443116,109.539697,100.443372,índice 2018=100,INEGI - ENEC,Valor de producción de edificación y desglose por sector contratante; serie histórica canónica del proyecto.
2018-12,108.975622,113.128522,108.462834,índice 2018=100,INEGI - ENEC,Valor de producción de edificación y desglose por sector contratante; serie histórica canónica del proyecto.
2019-01,100.448424,98.181322,100.72836,índice 2018=100,INEGI - ENEC,Valor de producción de edificación y desglose por sector contratante; serie histórica canónica del proyecto.
2019-02,101.919876,89.608927,103.44,índice 2018=100,INEGI - ENEC,Valor de producción de edificación y desglose por sector contratante; serie histórica canónica del proyecto.
2019-03,98.226193,100.608746,97.932002,índice 2018=100,INEGI - ENEC,Valor de producción de edificación y desglose por sector contratante; serie histórica canónica del proyecto.
2019-04,94.574563,92.665621,94.810275,índice 2018=100,INEGI - ENEC,Valor de producción de edificación y desglose por sector contratante; serie histórica canónica del proyecto.
2019-05,96.389705,88.210646,97.399633,índice 2018=100,INEGI - ENEC,Valor de producción de edificación y desglose por sector contratante; serie histórica canónica del proyecto.
2019-06,95.78303,92.452987,96.194215,índice 2018=100,INEGI - ENEC,Valor de producción de edificación y desglose por sector contratante; serie histórica canónica del proyecto.
2019-07,95.20749,96.504658,95.04732,índice 2018=100,INEGI - ENEC,Valor de producción de edificación y desglose por sector contratante; serie histórica canónica del proyecto.
2019-08,93.795837,95.573497,93.576336,índice 2018=100,INEGI - ENEC,Valor de producción de edificación y desglose por sector contratante; serie histórica canónica del proyecto.
2019-09,95.189218,93.717541,95.370937,índice 2018=100,INEGI - ENEC,Valor de producción de edificación y desglose por sector contratante; serie histórica canónica del proyecto.
2019-10,94.667842,99.341759,94.090719,índice 2018=100,INEGI - ENEC,Valor de producción de edificación y desglose por sector contratante; serie histórica canónica del proyecto.
2019-11,94.361815,97.652297,93.955515,índice 2018=100,INEGI - ENEC,Valor de producción de edificación y desglose por sector contratante; serie histórica canónica del proyecto.
2019-12,95.755366,96.71737,95.63658,índice 2018=100,INEGI - ENEC,Valor de producción de edificación y desglose por sector contratante; serie histórica canónica del proyecto.
2020-01,84.645418,83.804388,84.749266,índice 2018=100,INEGI - ENEC,Valor de producción de edificación y desglose por sector contratante; serie histórica canónica del proyecto.
2020-02,85.061192,88.309818,84.660061,índice 2018=100,INEGI - ENEC,Valor de producción de edificación y desglose por sector contratante; serie histórica canónica del proyecto.
2020-03,82.710979,85.569026,82.358075,índice 2018=100,INEGI - ENEC,Valor de producción de edificación y desglose por sector contratante; serie histórica canónica del proyecto.
2020-04,65.893612,67.259379,65.72497,índice 2018=100,INEGI - ENEC,Valor de producción de edificación y desglose por sector contratante; serie histórica canónica del proyecto.
2020-05,62.408871,64.345209,62.169777,índice 2018=100,INEGI - ENEC,Valor de producción de edificación y desglose por sector contratante; serie histórica canónica del proyecto.
2020-06,64.467973,65.2695,64.369003,índice 2018=100,INEGI - ENEC,Valor de producción de edificación y desglose por sector contratante; serie histórica canónica del proyecto.
2020-07,67.868828,65.169124,68.20218,índice 2018=100,INEGI - ENEC,Valor de producción de edificación y desglose por sector contratante; serie histórica canónica del proyecto.
2020-08,67.672536,69.747881,67.416278,índice 2018=100,INEGI - ENEC,Valor de producción de edificación y desglose por sector contratante; serie histórica canónica del proyecto.
2020-09,68.50986,68.061551,68.565215,índice 2018=100,INEGI - ENEC,Valor de producción de edificación y desglose por sector contratante; serie histórica canónica del proyecto.
2020-10,71.07455,69.118454,71.316083,índice 2018=100,INEGI - ENEC,Valor de producción de edificación y desglose por sector contratante; serie histórica canónica del proyecto.
2020-11,72.997971,80.011385,72.131973,índice 2018=100,INEGI - ENEC,Valor de producción de edificación y desglose por sector contratante; serie histórica canónica del proyecto.
2020-12,77.580604,81.888255,77.048707,índice 2018=100,INEGI - ENEC,Valor de producción de edificación y desglose por sector contratante; serie histórica canónica del proyecto.
2021-01,67.651345,63.007308,68.224778,índice 2018=100,INEGI - ENEC,Valor de producción de edificación y desglose por sector contratante; serie histórica canónica del proyecto.
2021-02,68.18436,66.9609,68.335429,índice 2018=100,INEGI - ENEC,Valor de producción de edificación y desglose por sector contratante; serie histórica canónica del proyecto.
2021-03,69.914131,59.992534,71.139224,índice 2018=100,INEGI - ENEC,Valor de producción de edificación y desglose por sector contratante; serie histórica canónica del proyecto.
2021-04,67.592537,59.695891,68.567594,índice 2018=100,INEGI - ENEC,Valor de producción de edificación y desglose por sector contratante; serie histórica canónica del proyecto.
2021-05,64.633372,54.830749,65.843773,índice 2018=100,INEGI - ENEC,Valor de producción de edificación y desglose por sector contratante; serie histórica canónica del proyecto.
2021-06,60.723171,60.351283,60.769091,índice 2018=100,INEGI - ENEC,Valor de producción de edificación y desglose por sector contratante; serie histórica canónica del proyecto.
2021-07,63.840064,58.547536,64.493571,índice 2018=100,INEGI - ENEC,Valor de producción de edificación y desglose por sector contratante; serie histórica canónica del proyecto.
2021-08,65.675778,58.990792,66.501222,índice 2018=100,INEGI - ENEC,Valor de producción de edificación y desglose por sector contratante; serie histórica canónica del proyecto.
2021-09,66.056109,57.410885,67.123598,índice 2018=100,INEGI - ENEC,Valor de producción de edificación y desglose por sector contratante; serie histórica canónica del proyecto.
2021-10,70.687623,61.738831,71.792596,índice 2018=100,INEGI - ENEC,Valor de producción de edificación y desglose por sector contratante; serie histórica canónica del proyecto.
2021-11,65.972824,58.896692,66.846566,índice 2018=100,INEGI - ENEC,Valor de producción de edificación y desglose por sector contratante; serie histórica canónica del proyecto.
2021-12,72.167517,75.33896,71.775916,índice 2018=100,INEGI - ENEC,Valor de producción de edificación y desglose por sector contratante; serie histórica canónica del proyecto.
2022-01,70.86946,59.288238,72.299479,índice 2018=100,INEGI - ENEC,Valor de producción de edificación y desglose por sector contratante; serie histórica canónica del proyecto.
2022-02,75.906249,54.391454,78.562839,índice 2018=100,INEGI - ENEC,Valor de producción de edificación y desglose por sector contratante; serie histórica canónica del proyecto.
2022-03,81.701061,57.899765,84.639982,índice 2018=100,INEGI - ENEC,Valor de producción de edificación y desglose por sector contratante; serie histórica canónica del proyecto.
2022-04,75.128467,49.198921,78.330178,índice 2018=100,INEGI - ENEC,Valor de producción de edificación y desglose por sector contratante; serie histórica canónica del proyecto.
2022-05,76.114813,55.084594,78.711569,índice 2018=100,INEGI - ENEC,Valor de producción de edificación y desglose por sector contratante; serie histórica canónica del proyecto.
2022-06,72.115386,41.327374,75.917008,índice 2018=100,INEGI - ENEC,Valor de producción de edificación y desglose por sector contratante; serie histórica canónica del proyecto.
2022-07,73.359088,64.818151,74.4137,índice 2018=100,INEGI - ENEC,Valor de producción de edificación y desglose por sector contratante; serie histórica canónica del proyecto.
2022-08,73.618183,71.691297,73.85611,índice 2018=100,INEGI - ENEC,Valor de producción de edificación y desglose por sector contratante; serie histórica canónica del proyecto.
2022-09,76.795954,83.380107,75.98296,índice 2018=100,INEGI - ENEC,Valor de producción de edificación y desglose por sector contratante; serie histórica canónica del proyecto.
2022-10,77.696519,98.140286,75.172177,índice 2018=100,INEGI - ENEC,Valor de producción de edificación y desglose por sector contratante; serie histórica canónica del proyecto.
2022-11,74.072217,101.870748,70.639728,índice 2018=100,INEGI - ENEC,Valor de producción de edificación y desglose por sector contratante; serie histórica canónica del proyecto.
2022-12,79.185067,101.856,76.38572,índice 2018=100,INEGI - ENEC,Valor de producción de edificación y desglose por sector contratante; serie histórica canónica del proyecto.
2023-01,78.33378,100.022699,75.65569,índice 2018=100,INEGI - ENEC,Valor de producción de edificación y desglose por sector contratante; serie histórica canónica del proyecto.
2023-02,77.134781,91.284121,75.387658,índice 2018=100,INEGI - ENEC,Valor de producción de edificación y desglose por sector contratante; serie histórica canónica del proyecto.
2023-03,80.098312,119.677233,75.211212,índice 2018=100,INEGI - ENEC,Valor de producción de edificación y desglose por sector contratante; serie histórica canónica del proyecto.
2023-04,76.74887,88.229661,75.331253,índice 2018=100,INEGI - ENEC,Valor de producción de edificación y desglose por sector contratante; serie histórica canónica del proyecto.
2023-05,80.002109,93.40108,78.34764,índice 2018=100,INEGI - ENEC,Valor de producción de edificación y desglose por sector contratante; serie histórica canónica del proyecto.
2023-06,79.333001,85.244859,78.60302,índice 2018=100,INEGI - ENEC,Valor de producción de edificación y desglose por sector contratante; serie histórica canónica del proyecto.
2023-07,81.883142,96.469827,80.082017,índice 2018=100,INEGI - ENEC,Valor de producción de edificación y desglose por sector contratante; serie histórica canónica del proyecto.
2023-08,86.979627,91.291967,86.44715,índice 2018=100,INEGI - ENEC,Valor de producción de edificación y desglose por sector contratante; serie histórica canónica del proyecto.
2023-09,88.323744,99.1075,86.992195,índice 2018=100,INEGI - ENEC,Valor de producción de edificación y desglose por sector contratante; serie histórica canónica del proyecto.
2023-10,90.922768,88.320346,91.244109,índice 2018=100,INEGI - ENEC,Valor de producción de edificación y desglose por sector contratante; serie histórica canónica del proyecto.
2023-11,89.972874,92.640939,89.643429,índice 2018=100,INEGI - ENEC,Valor de producción de edificación y desglose por sector contratante; serie histórica canónica del proyecto.
2023-12,95.089699,114.530276,92.689229,índice 2018=100,INEGI - ENEC,Valor de producción de edificación y desglose por sector contratante; serie histórica canónica del proyecto.
2024-01,81.03843,85.054426,80.542546,índice 2018=100,INEGI - ENEC,Valor de producción de edificación y desglose por sector contratante; serie histórica canónica del proyecto.
2024-02,79.480922,87.905685,78.440655,índice 2018=100,INEGI - ENEC,Valor de producción de edificación y desglose por sector contratante; serie histórica canónica del proyecto.
2024-03,82.692365,102.654581,80.227483,índice 2018=100,INEGI - ENEC,Valor de producción de edificación y desglose por sector contratante; serie histórica canónica del proyecto.
2024-04,81.550892,68.845353,83.119738,índice 2018=100,INEGI - ENEC,Valor de producción de edificación y desglose por sector contratante; serie histórica canónica del proyecto.
2024-05,82.239513,61.567992,84.791978,índice 2018=100,INEGI - ENEC,Valor de producción de edificación y desglose por sector contratante; serie histórica canónica del proyecto.
2024-06,82.522891,76.179098,83.306206,índice 2018=100,INEGI - ENEC,Valor de producción de edificación y desglose por sector contratante; serie histórica canónica del proyecto.
2024-07,85.510532,71.731128,87.211976,índice 2018=100,INEGI - ENEC,Valor de producción de edificación y desglose por sector contratante; serie histórica canónica del proyecto.
2024-08,86.88355,74.854158,88.368907,índice 2018=100,INEGI - ENEC,Valor de producción de edificación y desglose por sector contratante; serie histórica canónica del proyecto.
2024-09,84.177026,69.036245,86.046569,índice 2018=100,INEGI - ENEC,Valor de producción de edificación y desglose por sector contratante; serie histórica canónica del proyecto.
2024-10,85.647823,78.822059,86.49065,índice 2018=100,INEGI - ENEC,Valor de producción de edificación y desglose por sector contratante; serie histórica canónica del proyecto.
2024-11,83.774957,65.419369,86.041456,índice 2018=100,INEGI - ENEC,Valor de producción de edificación y desglose por sector contratante; serie histórica canónica del proyecto.
2024-12,86.021766,70.233358,87.971277,índice 2018=100,INEGI - ENEC,Valor de producción de edificación y desglose por sector contratante; serie histórica canónica del proyecto.
2025-01,77.904951,51.125598,81.211594,índice 2018=100,INEGI - ENEC,Valor de producción de edificación y desglose por sector contratante; serie histórica canónica del proyecto.
2025-02,75.664921,41.174607,79.923693,índice 2018=100,INEGI - ENEC,Valor de producción de edificación y desglose por sector contratante; serie histórica canónica del proyecto.
2025-03,76.844068,47.405563,80.479057,índice 2018=100,INEGI - ENEC,Valor de producción de edificación y desglose por sector contratante; serie histórica canónica del proyecto.
2025-04,78.104571,47.188354,81.922023,índice 2018=100,INEGI - ENEC,Valor de producción de edificación y desglose por sector contratante; serie histórica canónica del proyecto.
2025-05,79.379186,49.716226,83.04189,índice 2018=100,INEGI - ENEC,Valor de producción de edificación y desglose por sector contratante; serie histórica canónica del proyecto.
2025-06,81.197324,52.427602,84.749733,índice 2018=100,INEGI - ENEC,Valor de producción de edificación y desglose por sector contratante; serie histórica canónica del proyecto.
2025-07,81.488813,46.023994,85.867915,índice 2018=100,INEGI - ENEC,Valor de producción de edificación y desglose por sector contratante; serie histórica canónica del proyecto.
2025-08,81.168481,55.33539,84.358282,índice 2018=100,INEGI - ENEC,Valor de producción de edificación y desglose por sector contratante; serie histórica canónica del proyecto.
2025-09,82.221155,53.248374,85.798637,índice 2018=100,INEGI - ENEC,Valor de producción de edificación y desglose por sector contratante; serie histórica canónica del proyecto.
2025-10,86.544799,61.976501,89.578427,índice 2018=100,INEGI - ENEC,Valor de producción de edificación y desglose por sector contratante; serie histórica canónica del proyecto.
2025-11,81.572421,65.585322,83.546465,índice 2018=100,INEGI - ENEC,Valor de producción de edificación y desglose por sector contratante; serie histórica canónica del proyecto.
2025-12,85.516568,67.287256,87.767475,índice 2018=100,INEGI - ENEC,Valor de producción de edificación y desglose por sector contratante; serie histórica canónica del proyecto.
2026-01,74.026229,54.52392,76.434322,índice 2018=100,INEGI - ENEC,Valor de producción de edificación y desglose por sector contratante; serie histórica canónica del proyecto.
2026-02,72.193667,44.834563,75.571897,índice 2018=100,INEGI - ENEC,Valor de producción de edificación y desglose por sector contratante; serie histórica canónica del proyecto.
2026-03,73.419807,37.928176,77.80222,índice 2018=100,INEGI - ENEC,Valor de producción de edificación y desglose por sector contratante; serie histórica canónica del proyecto.
2026-04,71.401628,37.815208,75.54879,índice 2018=100,INEGI - ENEC,Valor de producción de edificación y desglose por sector contratante; serie histórica canónica del proyecto.
