categoria,indicador,periodo,valor,unidad,fuente
Actividad económica,IFB construcción residencial,2018,99.7,índice base 2018=100,INEGI
Actividad económica,IFB construcción residencial,2019,99.9,índice base 2018=100,INEGI
Actividad económica,IFB construcción residencial,2020,88.5,índice base 2018=100,INEGI
Actividad económica,IFB construcción residencial,2021,85.6,índice base 2018=100,INEGI
Actividad económica,IFB construcción residencial,2022,84.6,índice base 2018=100,INEGI
Actividad económica,IFB construcción residencial,2023,84.4,índice base 2018=100,INEGI
Actividad económica,IFB construcción residencial,2024,89.9,índice base 2018=100,INEGI
Actividad económica,IFB construcción residencial,2025,98.7,índice base 2018=100,INEGI
Actividad económica,IMAI construcción,2018,98.8,índice base 2018=100,INEGI
Actividad económica,IMAI construcción,2019,93.6,índice base 2018=100,INEGI
Actividad económica,IMAI construcción,2020,83.9,índice base 2018=100,INEGI
Actividad económica,IMAI construcción,2021,87.1,índice base 2018=100,INEGI
Actividad económica,IMAI construcción,2022,93.3,índice base 2018=100,INEGI
Actividad económica,IMAI construcción,2023,110.1,índice base 2018=100,INEGI
Actividad económica,IMAI construcción,2024,102.6,índice base 2018=100,INEGI
Actividad económica,IMAI construcción,2025,107.9,índice base 2018=100,INEGI
Actividad económica,PIB vivienda,2013,857599.0,millones de pesos,INEGI
Actividad económica,PIB vivienda,2014,907830.0,millones de pesos,INEGI
Actividad económica,PIB vivienda,2015,969042.0,millones de pesos,INEGI
Actividad económica,PIB vivienda,2016,1065073.0,millones de pesos,INEGI
Actividad económica,PIB vivienda,2017,1156240.0,millones de pesos,INEGI
Actividad económica,PIB vivienda,2018,1235753.0,millones de pesos,INEGI
Actividad económica,PIB vivienda,2019,1292515.0,millones de pesos,INEGI
Actividad económica,PIB vivienda,2020,1180524.0,millones de pesos,INEGI
Actividad económica,PIB vivienda,2021,1358009.0,millones de pesos,INEGI
Actividad económica,PIB vivienda,2022,1484766.0,millones de pesos,INEGI
Actividad económica,PIB vivienda,2023,1595625.0,millones de pesos,INEGI
Actividad económica,PIB vivienda,2024,1693949.0,millones de pesos,INEGI
Actividad económica,PIB vivienda - Adquisición,2013,62954.0,millones de pesos,INEGI
Actividad económica,PIB vivienda - Adquisición,2014,64532.0,millones de pesos,INEGI
Actividad económica,PIB vivienda - Adquisición,2015,68488.0,millones de pesos,INEGI
Actividad económica,PIB vivienda - Adquisición,2016,76889.0,millones de pesos,INEGI
Actividad económica,PIB vivienda - Adquisición,2017,70468.0,millones de pesos,INEGI
Actividad económica,PIB vivienda - Adquisición,2018,72973.0,millones de pesos,INEGI
Actividad económica,PIB vivienda - Adquisición,2019,75832.0,millones de pesos,INEGI
Actividad económica,PIB vivienda - Adquisición,2020,83122.0,millones de pesos,INEGI
Actividad económica,PIB vivienda - Adquisición,2021,94403.0,millones de pesos,INEGI
Actividad económica,PIB vivienda - Adquisición,2022,100164.0,millones de pesos,INEGI
Actividad económica,PIB vivienda - Adquisición,2023,112377.0,millones de pesos,INEGI
Actividad económica,PIB vivienda - Adquisición,2024,118949.0,millones de pesos,INEGI
Actividad económica,PIB vivienda - Edificación,2013,536180.0,millones de pesos,INEGI
Actividad económica,PIB vivienda - Edificación,2014,570930.0,millones de pesos,INEGI
Actividad económica,PIB vivienda - Edificación,2015,618419.0,millones de pesos,INEGI
Actividad económica,PIB vivienda - Edificación,2016,694439.0,millones de pesos,INEGI
Actividad económica,PIB vivienda - Edificación,2017,780893.0,millones de pesos,INEGI
Actividad económica,PIB vivienda - Edificación,2018,847362.0,millones de pesos,INEGI
Actividad económica,PIB vivienda - Edificación,2019,887976.0,millones de pesos,INEGI
Actividad económica,PIB vivienda - Edificación,2020,755777.0,millones de pesos,INEGI
Actividad económica,PIB vivienda - Edificación,2021,905447.0,millones de pesos,INEGI
Actividad económica,PIB vivienda - Edificación,2022,1006007.0,millones de pesos,INEGI
Actividad económica,PIB vivienda - Edificación,2023,1088790.0,millones de pesos,INEGI
Actividad económica,PIB vivienda - Edificación,2024,1161212.0,millones de pesos,INEGI
Actividad económica,PIB vivienda - Regulación y fomento,2013,5163.0,millones de pesos,INEGI
Actividad económica,PIB vivienda - Regulación y fomento,2014,6510.0,millones de pesos,INEGI
Actividad económica,PIB vivienda - Regulación y fomento,2015,5714.0,millones de pesos,INEGI
Actividad económica,PIB vivienda - Regulación y fomento,2016,6109.0,millones de pesos,INEGI
Actividad económica,PIB vivienda - Regulación y fomento,2017,7250.0,millones de pesos,INEGI
Actividad económica,PIB vivienda - Regulación y fomento,2018,6783.0,millones de pesos,INEGI
Actividad económica,PIB vivienda - Regulación y fomento,2019,4369.0,millones de pesos,INEGI
Actividad económica,PIB vivienda - Regulación y fomento,2020,4214.0,millones de pesos,INEGI
Actividad económica,PIB vivienda - Regulación y fomento,2021,4698.0,millones de pesos,INEGI
Actividad económica,PIB vivienda - Regulación y fomento,2022,4748.0,millones de pesos,INEGI
Actividad económica,PIB vivienda - Regulación y fomento,2023,3833.0,millones de pesos,INEGI
Actividad económica,PIB vivienda - Regulación y fomento,2024,4007.0,millones de pesos,INEGI
Actividad económica,PIB vivienda - Uso,2013,253301.0,millones de pesos,INEGI
Actividad económica,PIB vivienda - Uso,2014,265858.0,millones de pesos,INEGI
Actividad económica,PIB vivienda - Uso,2015,276422.0,millones de pesos,INEGI
Actividad económica,PIB vivienda - Uso,2016,287636.0,millones de pesos,INEGI
Actividad económica,PIB vivienda - Uso,2017,297628.0,millones de pesos,INEGI
Actividad económica,PIB vivienda - Uso,2018,308635.0,millones de pesos,INEGI
Actividad económica,PIB vivienda - Uso,2019,324338.0,millones de pesos,INEGI
Actividad económica,PIB vivienda - Uso,2020,337411.0,millones de pesos,INEGI
Actividad económica,PIB vivienda - Uso,2021,353461.0,millones de pesos,INEGI
Actividad económica,PIB vivienda - Uso,2022,373848.0,millones de pesos,INEGI
Actividad económica,PIB vivienda - Uso,2023,390626.0,millones de pesos,INEGI
Actividad económica,PIB vivienda - Uso,2024,409780.0,millones de pesos,INEGI
Actividad económica,Participación PIB vivienda,2013,5.3,%,INEGI
Actividad económica,Participación PIB vivienda,2014,5.3,%,INEGI
Actividad económica,Participación PIB vivienda,2015,5.3,%,INEGI
Actividad económica,Participación PIB vivienda,2016,5.5,%,INEGI
Actividad económica,Participación PIB vivienda,2017,5.4,%,INEGI
Actividad económica,Participación PIB vivienda,2018,5.4,%,INEGI
Actividad económica,Participación PIB vivienda,2019,5.5,%,INEGI
Actividad económica,Participación PIB vivienda,2020,5.2,%,INEGI
Actividad económica,Participación PIB vivienda,2021,5.4,%,INEGI
Actividad económica,Participación PIB vivienda,2022,5.3,%,INEGI
Actividad económica,Participación PIB vivienda,2023,5.3,%,INEGI
Actividad económica,Participación PIB vivienda,2024,5.4,%,INEGI
Actividad económica,VAB construcción,2018,44.9,índice / nivel de serie,INEGI
Actividad económica,VAB construcción,2019,40.7,índice / nivel de serie,INEGI
Actividad económica,VAB construcción,2020,34.6,índice / nivel de serie,INEGI
Actividad económica,VAB construcción,2021,40.4,índice / nivel de serie,INEGI
Actividad económica,VAB construcción,2022,47.8,índice / nivel de serie,INEGI
Actividad económica,VAB construcción,2023,69.2,índice / nivel de serie,INEGI
Actividad económica,VAB construcción,2024,56.5,índice / nivel de serie,INEGI
Actividad económica,VAB construcción,2025,48.5,índice / nivel de serie,INEGI
Actividad económica,VAB edificación residencial,2018,22.3,índice / nivel de serie,INEGI
Actividad económica,VAB edificación residencial,2019,20.0,índice / nivel de serie,INEGI
Actividad económica,VAB edificación residencial,2020,16.4,índice / nivel de serie,INEGI
Actividad económica,VAB edificación residencial,2021,17.4,índice / nivel de serie,INEGI
Actividad económica,VAB edificación residencial,2022,20.6,índice / nivel de serie,INEGI
Actividad económica,VAB edificación residencial,2023,26.4,índice / nivel de serie,INEGI
Actividad económica,VAB edificación residencial,2024,26.5,índice / nivel de serie,INEGI
Actividad económica,VAB edificación residencial,2025,24.8,índice / nivel de serie,INEGI
Sector de construcción,IGAE construcción,2026-06,107.7,índice base 2018=100,INEGI SCNM
Mercado laboral,Horas construcción,2018-01,104.76199971,índice 2018=100,INEGI ENEC
Mercado laboral,Horas construcción,2018-02,99.0570148,índice 2018=100,INEGI ENEC
Mercado laboral,Horas construcción,2018-03,104.44694666,índice 2018=100,INEGI ENEC
Mercado laboral,Horas construcción,2018-04,100.83320979,índice 2018=100,INEGI ENEC
Mercado laboral,Horas construcción,2018-05,101.0687267,índice 2018=100,INEGI ENEC
Mercado laboral,Horas construcción,2018-06,100.43209707,índice 2018=100,INEGI ENEC
Mercado laboral,Horas construcción,2018-07,99.92473568,índice 2018=100,INEGI ENEC
Mercado laboral,Horas construcción,2018-08,100.27283615,índice 2018=100,INEGI ENEC
Mercado laboral,Horas construcción,2018-09,97.59520336,índice 2018=100,INEGI ENEC
Mercado laboral,Horas construcción,2018-10,98.67655468,índice 2018=100,INEGI ENEC
Mercado laboral,Horas construcción,2018-11,96.48259915,índice 2018=100,INEGI ENEC
Mercado laboral,Horas construcción,2018-12,96.448077,índice 2018=100,INEGI ENEC
Mercado laboral,Horas construcción,2019-01,99.5110963,índice 2018=100,INEGI ENEC
Mercado laboral,Horas construcción,2019-02,96.25202849,índice 2018=100,INEGI ENEC
Mercado laboral,Horas construcción,2019-03,94.65482059,índice 2018=100,INEGI ENEC
Mercado laboral,Horas construcción,2019-04,92.62334999,índice 2018=100,INEGI ENEC
Mercado laboral,Horas construcción,2019-05,93.12097637,índice 2018=100,INEGI ENEC
Mercado laboral,Horas construcción,2019-06,93.14837576,índice 2018=100,INEGI ENEC
Mercado laboral,Horas construcción,2019-07,93.03358091,índice 2018=100,INEGI ENEC
Mercado laboral,Horas construcción,2019-08,92.49619609,índice 2018=100,INEGI ENEC
Mercado laboral,Horas construcción,2019-09,92.01616826,índice 2018=100,INEGI ENEC
Mercado laboral,Horas construcción,2019-10,93.71306592,índice 2018=100,INEGI ENEC
Mercado laboral,Horas construcción,2019-11,92.79469449,índice 2018=100,INEGI ENEC
Mercado laboral,Horas construcción,2019-12,92.12884886,índice 2018=100,INEGI ENEC
Mercado laboral,Horas construcción,2020-01,88.92485928,índice 2018=100,INEGI ENEC
Mercado laboral,Horas construcción,2020-02,87.28159384,índice 2018=100,INEGI ENEC
Mercado laboral,Horas construcción,2020-03,84.53114204,índice 2018=100,INEGI ENEC
Mercado laboral,Horas construcción,2020-04,76.00079359,índice 2018=100,INEGI ENEC
Mercado laboral,Horas construcción,2020-05,73.70750952,índice 2018=100,INEGI ENEC
Mercado laboral,Horas construcción,2020-06,76.42014167,índice 2018=100,INEGI ENEC
Mercado laboral,Horas construcción,2020-07,77.21028653,índice 2018=100,INEGI ENEC
Mercado laboral,Horas construcción,2020-08,76.82416358,índice 2018=100,INEGI ENEC
Mercado laboral,Horas construcción,2020-09,76.35898928,índice 2018=100,INEGI ENEC
Mercado laboral,Horas construcción,2020-10,78.3920313,índice 2018=100,INEGI ENEC
Mercado laboral,Horas construcción,2020-11,77.50461519,índice 2018=100,INEGI ENEC
Mercado laboral,Horas construcción,2020-12,78.45696472,índice 2018=100,INEGI ENEC
Mercado laboral,Horas construcción,2021-01,80.16399245,índice 2018=100,INEGI ENEC
Mercado laboral,Horas construcción,2021-02,78.55157091,índice 2018=100,INEGI ENEC
Mercado laboral,Horas construcción,2021-03,80.95262907,índice 2018=100,INEGI ENEC
Mercado laboral,Horas construcción,2021-04,81.04979707,índice 2018=100,INEGI ENEC
Mercado laboral,Horas construcción,2021-05,80.91781957,índice 2018=100,INEGI ENEC
Mercado laboral,Horas construcción,2021-06,81.57229757,índice 2018=100,INEGI ENEC
Mercado laboral,Horas construcción,2021-07,81.04473836,índice 2018=100,INEGI ENEC
Mercado laboral,Horas construcción,2021-08,80.32527573,índice 2018=100,INEGI ENEC
Mercado laboral,Horas construcción,2021-09,80.91465352,índice 2018=100,INEGI ENEC
Mercado laboral,Horas construcción,2021-10,82.43266114,índice 2018=100,INEGI ENEC
Mercado laboral,Horas construcción,2021-11,81.23347282,índice 2018=100,INEGI ENEC
Mercado laboral,Horas construcción,2021-12,82.2001923,índice 2018=100,INEGI ENEC
Mercado laboral,Horas construcción,2022-01,87.32594313,índice 2018=100,INEGI ENEC
Mercado laboral,Horas construcción,2022-02,84.9937937,índice 2018=100,INEGI ENEC
Mercado laboral,Horas construcción,2022-03,90.57481159,índice 2018=100,INEGI ENEC
Mercado laboral,Horas construcción,2022-04,88.08153065,índice 2018=100,INEGI ENEC
Mercado laboral,Horas construcción,2022-05,88.81700557,índice 2018=100,INEGI ENEC
Mercado laboral,Horas construcción,2022-06,89.0604321,índice 2018=100,INEGI ENEC
Mercado laboral,Horas construcción,2022-07,89.39371632,índice 2018=100,INEGI ENEC
Mercado laboral,Horas construcción,2022-08,91.53181646,índice 2018=100,INEGI ENEC
Mercado laboral,Horas construcción,2022-09,89.75740026,índice 2018=100,INEGI ENEC
Mercado laboral,Horas construcción,2022-10,91.28856553,índice 2018=100,INEGI ENEC
Mercado laboral,Horas construcción,2022-11,89.84784961,índice 2018=100,INEGI ENEC
Mercado laboral,Horas construcción,2022-12,92.22239499,índice 2018=100,INEGI ENEC
Mercado laboral,Horas construcción,2023-01,92.54127669,índice 2018=100,INEGI ENEC
Mercado laboral,Horas construcción,2023-02,88.66541663,índice 2018=100,INEGI ENEC
Mercado laboral,Horas construcción,2023-03,94.8120415,índice 2018=100,INEGI ENEC
Mercado laboral,Horas construcción,2023-04,94.13003963,índice 2018=100,INEGI ENEC
Mercado laboral,Horas construcción,2023-05,96.63461158,índice 2018=100,INEGI ENEC
Mercado laboral,Horas construcción,2023-06,99.18659183,índice 2018=100,INEGI ENEC
Mercado laboral,Horas construcción,2023-07,99.21925114,índice 2018=100,INEGI ENEC
Mercado laboral,Horas construcción,2023-08,102.67837019,índice 2018=100,INEGI ENEC
Mercado laboral,Horas construcción,2023-09,99.61073684,índice 2018=100,INEGI ENEC
Mercado laboral,Horas construcción,2023-10,102.30545089,índice 2018=100,INEGI ENEC
Mercado laboral,Horas construcción,2023-11,101.84502854,índice 2018=100,INEGI ENEC
Mercado laboral,Horas construcción,2023-12,100.35235865,índice 2018=100,INEGI ENEC
Mercado laboral,Horas construcción,2024-01,99.1619489,índice 2018=100,INEGI ENEC
Mercado laboral,Horas construcción,2024-02,96.4420413,índice 2018=100,INEGI ENEC
Mercado laboral,Horas construcción,2024-03,98.45823764,índice 2018=100,INEGI ENEC
Mercado laboral,Horas construcción,2024-04,98.8040764,índice 2018=100,INEGI ENEC
Mercado laboral,Horas construcción,2024-05,101.36972522,índice 2018=100,INEGI ENEC
Mercado laboral,Horas construcción,2024-06,97.6865778,índice 2018=100,INEGI ENEC
Mercado laboral,Horas construcción,2024-07,102.37649668,índice 2018=100,INEGI ENEC
Mercado laboral,Horas construcción,2024-08,101.70280297,índice 2018=100,INEGI ENEC
Mercado laboral,Horas construcción,2024-09,95.11777407,índice 2018=100,INEGI ENEC
Mercado laboral,Horas construcción,2024-10,95.88885908,índice 2018=100,INEGI ENEC
Mercado laboral,Horas construcción,2024-11,90.36157667,índice 2018=100,INEGI ENEC
Mercado laboral,Horas construcción,2024-12,88.02951135,índice 2018=100,INEGI ENEC
Mercado laboral,Horas construcción,2025-01,89.25227967,índice 2018=100,INEGI ENEC
Mercado laboral,Horas construcción,2025-02,83.80592365,índice 2018=100,INEGI ENEC
Mercado laboral,Horas construcción,2025-03,87.23469683,índice 2018=100,INEGI ENEC
Mercado laboral,Horas construcción,2025-04,86.85808119,índice 2018=100,INEGI ENEC
Mercado laboral,Horas construcción,2025-05,87.20523154,índice 2018=100,INEGI ENEC
Mercado laboral,Horas construcción,2025-06,85.52694168,índice 2018=100,INEGI ENEC
Mercado laboral,Horas construcción,2025-07,88.66662584,índice 2018=100,INEGI ENEC
Mercado laboral,Horas construcción,2025-08,87.30848452,índice 2018=100,INEGI ENEC
Mercado laboral,Horas construcción,2025-09,85.64574078,índice 2018=100,INEGI ENEC
Mercado laboral,Horas construcción,2025-10,89.2631296,índice 2018=100,INEGI ENEC
Mercado laboral,Horas construcción,2025-11,84.22068365,índice 2018=100,INEGI ENEC
Mercado laboral,Horas construcción,2025-12,84.49539973,índice 2018=100,INEGI ENEC
Mercado laboral,Horas construcción,2026-01,85.24292584,índice 2018=100,INEGI ENEC
Mercado laboral,Horas construcción,2026-02,80.87084557,índice 2018=100,INEGI ENEC
Mercado laboral,Horas construcción,2026-03,85.21006061,índice 2018=100,INEGI ENEC
Mercado laboral,Horas construcción,2026-04,84.92452797,índice 2018=100,INEGI ENEC
Mercado laboral,Horas edificación,2018-01,105.083142,índice 2018=100,INEGI ENEC
Mercado laboral,Horas edificación,2018-02,99.4563,índice 2018=100,INEGI ENEC
Mercado laboral,Horas edificación,2018-03,106.385941,índice 2018=100,INEGI ENEC
Mercado laboral,Horas edificación,2018-04,100.529378,índice 2018=100,INEGI ENEC
Mercado laboral,Horas edificación,2018-05,100.50059,índice 2018=100,INEGI ENEC
Mercado laboral,Horas edificación,2018-06,99.990728,índice 2018=100,INEGI ENEC
Mercado laboral,Horas edificación,2018-07,99.207727,índice 2018=100,INEGI ENEC
Mercado laboral,Horas edificación,2018-08,100.364423,índice 2018=100,INEGI ENEC
Mercado laboral,Horas edificación,2018-09,96.92233,índice 2018=100,INEGI ENEC
Mercado laboral,Horas edificación,2018-10,98.63072,índice 2018=100,INEGI ENEC
Mercado laboral,Horas edificación,2018-11,96.199961,índice 2018=100,INEGI ENEC
Mercado laboral,Horas edificación,2018-12,96.728761,índice 2018=100,INEGI ENEC
Mercado laboral,Horas edificación,2019-01,100.934575,índice 2018=100,INEGI ENEC
Mercado laboral,Horas edificación,2019-02,96.722223,índice 2018=100,INEGI ENEC
Mercado laboral,Horas edificación,2019-03,95.689284,índice 2018=100,INEGI ENEC
Mercado laboral,Horas edificación,2019-04,93.3625,índice 2018=100,INEGI ENEC
Mercado laboral,Horas edificación,2019-05,93.570666,índice 2018=100,INEGI ENEC
Mercado laboral,Horas edificación,2019-06,93.226657,índice 2018=100,INEGI ENEC
Mercado laboral,Horas edificación,2019-07,93.607242,índice 2018=100,INEGI ENEC
Mercado laboral,Horas edificación,2019-08,94.087254,índice 2018=100,INEGI ENEC
Mercado laboral,Horas edificación,2019-09,93.518339,índice 2018=100,INEGI ENEC
Mercado laboral,Horas edificación,2019-10,94.707215,índice 2018=100,INEGI ENEC
Mercado laboral,Horas edificación,2019-11,93.620581,índice 2018=100,INEGI ENEC
Mercado laboral,Horas edificación,2019-12,93.071206,índice 2018=100,INEGI ENEC
Mercado laboral,Horas edificación,2020-01,87.398811,índice 2018=100,INEGI ENEC
Mercado laboral,Horas edificación,2020-02,85.159155,índice 2018=100,INEGI ENEC
Mercado laboral,Horas edificación,2020-03,81.5889,índice 2018=100,INEGI ENEC
Mercado laboral,Horas edificación,2020-04,72.328407,índice 2018=100,INEGI ENEC
Mercado laboral,Horas edificación,2020-05,69.304613,índice 2018=100,INEGI ENEC
Mercado laboral,Horas edificación,2020-06,71.748278,índice 2018=100,INEGI ENEC
Mercado laboral,Horas edificación,2020-07,71.706957,índice 2018=100,INEGI ENEC
Mercado laboral,Horas edificación,2020-08,71.283874,índice 2018=100,INEGI ENEC
Mercado laboral,Horas edificación,2020-09,70.39219,índice 2018=100,INEGI ENEC
Mercado laboral,Horas edificación,2020-10,71.550464,índice 2018=100,INEGI ENEC
Mercado laboral,Horas edificación,2020-11,69.430147,índice 2018=100,INEGI ENEC
Mercado laboral,Horas edificación,2020-12,70.288587,índice 2018=100,INEGI ENEC
Mercado laboral,Horas edificación,2021-01,72.160283,índice 2018=100,INEGI ENEC
Mercado laboral,Horas edificación,2021-02,70.553334,índice 2018=100,INEGI ENEC
Mercado laboral,Horas edificación,2021-03,73.140199,índice 2018=100,INEGI ENEC
Mercado laboral,Horas edificación,2021-04,74.509729,índice 2018=100,INEGI ENEC
Mercado laboral,Horas edificación,2021-05,74.321848,índice 2018=100,INEGI ENEC
Mercado laboral,Horas edificación,2021-06,74.90697,índice 2018=100,INEGI ENEC
Mercado laboral,Horas edificación,2021-07,73.547376,índice 2018=100,INEGI ENEC
Mercado laboral,Horas edificación,2021-08,72.348597,índice 2018=100,INEGI ENEC
Mercado laboral,Horas edificación,2021-09,72.478198,índice 2018=100,INEGI ENEC
Mercado laboral,Horas edificación,2021-10,73.772058,índice 2018=100,INEGI ENEC
Mercado laboral,Horas edificación,2021-11,72.729877,índice 2018=100,INEGI ENEC
Mercado laboral,Horas edificación,2021-12,72.991345,índice 2018=100,INEGI ENEC
Mercado laboral,Horas edificación,2022-01,81.077341,índice 2018=100,INEGI ENEC
Mercado laboral,Horas edificación,2022-02,80.926673,índice 2018=100,INEGI ENEC
Mercado laboral,Horas edificación,2022-03,86.468995,índice 2018=100,INEGI ENEC
Mercado laboral,Horas edificación,2022-04,84.48742,índice 2018=100,INEGI ENEC
Mercado laboral,Horas edificación,2022-05,85.037539,índice 2018=100,INEGI ENEC
Mercado laboral,Horas edificación,2022-06,87.492195,índice 2018=100,INEGI ENEC
Mercado laboral,Horas edificación,2022-07,86.904341,índice 2018=100,INEGI ENEC
Mercado laboral,Horas edificación,2022-08,89.465996,índice 2018=100,INEGI ENEC
Mercado laboral,Horas edificación,2022-09,86.609432,índice 2018=100,INEGI ENEC
Mercado laboral,Horas edificación,2022-10,88.336825,índice 2018=100,INEGI ENEC
Mercado laboral,Horas edificación,2022-11,87.128892,índice 2018=100,INEGI ENEC
Mercado laboral,Horas edificación,2022-12,89.12557,índice 2018=100,INEGI ENEC
Mercado laboral,Horas edificación,2023-01,87.758505,índice 2018=100,INEGI ENEC
Mercado laboral,Horas edificación,2023-02,84.480726,índice 2018=100,INEGI ENEC
Mercado laboral,Horas edificación,2023-03,90.67971,índice 2018=100,INEGI ENEC
Mercado laboral,Horas edificación,2023-04,88.682217,índice 2018=100,INEGI ENEC
Mercado laboral,Horas edificación,2023-05,90.374546,índice 2018=100,INEGI ENEC
Mercado laboral,Horas edificación,2023-06,92.558342,índice 2018=100,INEGI ENEC
Mercado laboral,Horas edificación,2023-07,91.721016,índice 2018=100,INEGI ENEC
Mercado laboral,Horas edificación,2023-08,93.929129,índice 2018=100,INEGI ENEC
Mercado laboral,Horas edificación,2023-09,88.612441,índice 2018=100,INEGI ENEC
Mercado laboral,Horas edificación,2023-10,90.425811,índice 2018=100,INEGI ENEC
Mercado laboral,Horas edificación,2023-11,89.778701,índice 2018=100,INEGI ENEC
Mercado laboral,Horas edificación,2023-12,86.045166,índice 2018=100,INEGI ENEC
Mercado laboral,Horas edificación,2024-01,86.09439,índice 2018=100,INEGI ENEC
Mercado laboral,Horas edificación,2024-02,83.351802,índice 2018=100,INEGI ENEC
Mercado laboral,Horas edificación,2024-03,84.065171,índice 2018=100,INEGI ENEC
Mercado laboral,Horas edificación,2024-04,85.018235,índice 2018=100,INEGI ENEC
Mercado laboral,Horas edificación,2024-05,86.19873,índice 2018=100,INEGI ENEC
Mercado laboral,Horas edificación,2024-06,84.606369,índice 2018=100,INEGI ENEC
Mercado laboral,Horas edificación,2024-07,88.927541,índice 2018=100,INEGI ENEC
Mercado laboral,Horas edificación,2024-08,89.06531,índice 2018=100,INEGI ENEC
Mercado laboral,Horas edificación,2024-09,83.099557,índice 2018=100,INEGI ENEC
Mercado laboral,Horas edificación,2024-10,87.133481,índice 2018=100,INEGI ENEC
Mercado laboral,Horas edificación,2024-11,83.056368,índice 2018=100,INEGI ENEC
Mercado laboral,Horas edificación,2024-12,82.040833,índice 2018=100,INEGI ENEC
Mercado laboral,Horas edificación,2025-01,84.511339,índice 2018=100,INEGI ENEC
Mercado laboral,Horas edificación,2025-02,79.796848,índice 2018=100,INEGI ENEC
Mercado laboral,Horas edificación,2025-03,82.920611,índice 2018=100,INEGI ENEC
Mercado laboral,Horas edificación,2025-04,83.812063,índice 2018=100,INEGI ENEC
Mercado laboral,Horas edificación,2025-05,83.432134,índice 2018=100,INEGI ENEC
Mercado laboral,Horas edificación,2025-06,83.312543,índice 2018=100,INEGI ENEC
Mercado laboral,Horas edificación,2025-07,85.625291,índice 2018=100,INEGI ENEC
Mercado laboral,Horas edificación,2025-08,84.253931,índice 2018=100,INEGI ENEC
Mercado laboral,Horas edificación,2025-09,82.394844,índice 2018=100,INEGI ENEC
Mercado laboral,Horas edificación,2025-10,85.059607,índice 2018=100,INEGI ENEC
Mercado laboral,Horas edificación,2025-11,79.597612,índice 2018=100,INEGI ENEC
Mercado laboral,Horas edificación,2025-12,79.877548,índice 2018=100,INEGI ENEC
Mercado laboral,Horas edificación,2026-01,80.865925,índice 2018=100,INEGI ENEC
Mercado laboral,Horas edificación,2026-02,75.592322,índice 2018=100,INEGI ENEC
Mercado laboral,Horas edificación,2026-03,77.98286,índice 2018=100,INEGI ENEC
Mercado laboral,Horas edificación,2026-04,77.526922,índice 2018=100,INEGI ENEC
Mercado laboral,Personal ocupado construcción,2018-01,104.52614593,índice 2018=100,INEGI ENEC
Mercado laboral,Personal ocupado construcción,2018-02,102.02740838,índice 2018=100,INEGI ENEC
Mercado laboral,Personal ocupado construcción,2018-03,101.65129311,índice 2018=100,INEGI ENEC
Mercado laboral,Personal ocupado construcción,2018-04,100.96119385,índice 2018=100,INEGI ENEC
Mercado laboral,Personal ocupado construcción,2018-05,100.82699673,índice 2018=100,INEGI ENEC
Mercado laboral,Personal ocupado construcción,2018-06,100.58253362,índice 2018=100,INEGI ENEC
Mercado laboral,Personal ocupado construcción,2018-07,99.85511011,índice 2018=100,INEGI ENEC
Mercado laboral,Personal ocupado construcción,2018-08,99.49869345,índice 2018=100,INEGI ENEC
Mercado laboral,Personal ocupado construcción,2018-09,98.13548576,índice 2018=100,INEGI ENEC
Mercado laboral,Personal ocupado construcción,2018-10,97.64238161,índice 2018=100,INEGI ENEC
Mercado laboral,Personal ocupado construcción,2018-11,96.69763373,índice 2018=100,INEGI ENEC
Mercado laboral,Personal ocupado construcción,2018-12,97.59512415,índice 2018=100,INEGI ENEC
Mercado laboral,Personal ocupado construcción,2019-01,99.01445701,índice 2018=100,INEGI ENEC
Mercado laboral,Personal ocupado construcción,2019-02,97.99569498,índice 2018=100,INEGI ENEC
Mercado laboral,Personal ocupado construcción,2019-03,94.9629144,índice 2018=100,INEGI ENEC
Mercado laboral,Personal ocupado construcción,2019-04,93.85612882,índice 2018=100,INEGI ENEC
Mercado laboral,Personal ocupado construcción,2019-05,93.15984577,índice 2018=100,INEGI ENEC
Mercado laboral,Personal ocupado construcción,2019-06,94.05282461,índice 2018=100,INEGI ENEC
Mercado laboral,Personal ocupado construcción,2019-07,92.8544806,índice 2018=100,INEGI ENEC
Mercado laboral,Personal ocupado construcción,2019-08,92.74524174,índice 2018=100,INEGI ENEC
Mercado laboral,Personal ocupado construcción,2019-09,93.05203311,índice 2018=100,INEGI ENEC
Mercado laboral,Personal ocupado construcción,2019-10,93.33262708,índice 2018=100,INEGI ENEC
Mercado laboral,Personal ocupado construcción,2019-11,93.54081174,índice 2018=100,INEGI ENEC
Mercado laboral,Personal ocupado construcción,2019-12,93.36372434,índice 2018=100,INEGI ENEC
Mercado laboral,Personal ocupado construcción,2020-01,89.00253128,índice 2018=100,INEGI ENEC
Mercado laboral,Personal ocupado construcción,2020-02,88.58185664,índice 2018=100,INEGI ENEC
Mercado laboral,Personal ocupado construcción,2020-03,85.21149031,índice 2018=100,INEGI ENEC
Mercado laboral,Personal ocupado construcción,2020-04,77.4317834,índice 2018=100,INEGI ENEC
Mercado laboral,Personal ocupado construcción,2020-05,74.56967752,índice 2018=100,INEGI ENEC
Mercado laboral,Personal ocupado construcción,2020-06,76.48591932,índice 2018=100,INEGI ENEC
Mercado laboral,Personal ocupado construcción,2020-07,76.50797854,índice 2018=100,INEGI ENEC
Mercado laboral,Personal ocupado construcción,2020-08,76.56830937,índice 2018=100,INEGI ENEC
Mercado laboral,Personal ocupado construcción,2020-09,76.39661757,índice 2018=100,INEGI ENEC
Mercado laboral,Personal ocupado construcción,2020-10,77.56570564,índice 2018=100,INEGI ENEC
Mercado laboral,Personal ocupado construcción,2020-11,77.3457483,índice 2018=100,INEGI ENEC
Mercado laboral,Personal ocupado construcción,2020-12,78.00214554,índice 2018=100,INEGI ENEC
Mercado laboral,Personal ocupado construcción,2021-01,79.64920866,índice 2018=100,INEGI ENEC
Mercado laboral,Personal ocupado construcción,2021-02,79.45711453,índice 2018=100,INEGI ENEC
Mercado laboral,Personal ocupado construcción,2021-03,79.87246165,índice 2018=100,INEGI ENEC
Mercado laboral,Personal ocupado construcción,2021-04,80.87367516,índice 2018=100,INEGI ENEC
Mercado laboral,Personal ocupado construcción,2021-05,80.44824161,índice 2018=100,INEGI ENEC
Mercado laboral,Personal ocupado construcción,2021-06,80.49711379,índice 2018=100,INEGI ENEC
Mercado laboral,Personal ocupado construcción,2021-07,79.62376996,índice 2018=100,INEGI ENEC
Mercado laboral,Personal ocupado construcción,2021-08,79.62993001,índice 2018=100,INEGI ENEC
Mercado laboral,Personal ocupado construcción,2021-09,80.40550171,índice 2018=100,INEGI ENEC
Mercado laboral,Personal ocupado construcción,2021-10,81.08599586,índice 2018=100,INEGI ENEC
Mercado laboral,Personal ocupado construcción,2021-11,81.53526304,índice 2018=100,INEGI ENEC
Mercado laboral,Personal ocupado construcción,2021-12,81.17060081,índice 2018=100,INEGI ENEC
Mercado laboral,Personal ocupado construcción,2022-01,83.18560826,índice 2018=100,INEGI ENEC
Mercado laboral,Personal ocupado construcción,2022-02,85.1173839,índice 2018=100,INEGI ENEC
Mercado laboral,Personal ocupado construcción,2022-03,86.66448183,índice 2018=100,INEGI ENEC
Mercado laboral,Personal ocupado construcción,2022-04,87.7433889,índice 2018=100,INEGI ENEC
Mercado laboral,Personal ocupado construcción,2022-05,86.97687923,índice 2018=100,INEGI ENEC
Mercado laboral,Personal ocupado construcción,2022-06,87.63662692,índice 2018=100,INEGI ENEC
Mercado laboral,Personal ocupado construcción,2022-07,88.74197883,índice 2018=100,INEGI ENEC
Mercado laboral,Personal ocupado construcción,2022-08,89.18612551,índice 2018=100,INEGI ENEC
Mercado laboral,Personal ocupado construcción,2022-09,89.14718572,índice 2018=100,INEGI ENEC
Mercado laboral,Personal ocupado construcción,2022-10,89.31493974,índice 2018=100,INEGI ENEC
Mercado laboral,Personal ocupado construcción,2022-11,89.2747948,índice 2018=100,INEGI ENEC
Mercado laboral,Personal ocupado construcción,2022-12,89.49056516,índice 2018=100,INEGI ENEC
Mercado laboral,Personal ocupado construcción,2023-01,86.42863515,índice 2018=100,INEGI ENEC
Mercado laboral,Personal ocupado construcción,2023-02,88.2124125,índice 2018=100,INEGI ENEC
Mercado laboral,Personal ocupado construcción,2023-03,88.87004909,índice 2018=100,INEGI ENEC
Mercado laboral,Personal ocupado construcción,2023-04,87.24746826,índice 2018=100,INEGI ENEC
Mercado laboral,Personal ocupado construcción,2023-05,88.48719939,índice 2018=100,INEGI ENEC
Mercado laboral,Personal ocupado construcción,2023-06,91.21319567,índice 2018=100,INEGI ENEC
Mercado laboral,Personal ocupado construcción,2023-07,90.92983239,índice 2018=100,INEGI ENEC
Mercado laboral,Personal ocupado construcción,2023-08,92.31548129,índice 2018=100,INEGI ENEC
Mercado laboral,Personal ocupado construcción,2023-09,92.22911902,índice 2018=100,INEGI ENEC
Mercado laboral,Personal ocupado construcción,2023-10,94.14932866,índice 2018=100,INEGI ENEC
Mercado laboral,Personal ocupado construcción,2023-11,94.80050977,índice 2018=100,INEGI ENEC
Mercado laboral,Personal ocupado construcción,2023-12,94.07616951,índice 2018=100,INEGI ENEC
Mercado laboral,Personal ocupado construcción,2024-01,90.96395737,índice 2018=100,INEGI ENEC
Mercado laboral,Personal ocupado construcción,2024-02,92.27206804,índice 2018=100,INEGI ENEC
Mercado laboral,Personal ocupado construcción,2024-03,93.20703949,índice 2018=100,INEGI ENEC
Mercado laboral,Personal ocupado construcción,2024-04,92.02466957,índice 2018=100,INEGI ENEC
Mercado laboral,Personal ocupado construcción,2024-05,93.18823796,índice 2018=100,INEGI ENEC
Mercado laboral,Personal ocupado construcción,2024-06,92.49777467,índice 2018=100,INEGI ENEC
Mercado laboral,Personal ocupado construcción,2024-07,93.02128055,índice 2018=100,INEGI ENEC
Mercado laboral,Personal ocupado construcción,2024-08,92.77373959,índice 2018=100,INEGI ENEC
Mercado laboral,Personal ocupado construcción,2024-09,90.92811997,índice 2018=100,INEGI ENEC
Mercado laboral,Personal ocupado construcción,2024-10,88.25646643,índice 2018=100,INEGI ENEC
Mercado laboral,Personal ocupado construcción,2024-11,85.42675693,índice 2018=100,INEGI ENEC
Mercado laboral,Personal ocupado construcción,2024-12,84.72192726,índice 2018=100,INEGI ENEC
Mercado laboral,Personal ocupado construcción,2025-01,84.00568386,índice 2018=100,INEGI ENEC
Mercado laboral,Personal ocupado construcción,2025-02,83.3761379,índice 2018=100,INEGI ENEC
Mercado laboral,Personal ocupado construcción,2025-03,84.06349446,índice 2018=100,INEGI ENEC
Mercado laboral,Personal ocupado construcción,2025-04,83.79819115,índice 2018=100,INEGI ENEC
Mercado laboral,Personal ocupado construcción,2025-05,82.26235529,índice 2018=100,INEGI ENEC
Mercado laboral,Personal ocupado construcción,2025-06,82.11833404,índice 2018=100,INEGI ENEC
Mercado laboral,Personal ocupado construcción,2025-07,82.34759217,índice 2018=100,INEGI ENEC
Mercado laboral,Personal ocupado construcción,2025-08,82.24547076,índice 2018=100,INEGI ENEC
Mercado laboral,Personal ocupado construcción,2025-09,82.06286542,índice 2018=100,INEGI ENEC
Mercado laboral,Personal ocupado construcción,2025-10,82.39259368,índice 2018=100,INEGI ENEC
Mercado laboral,Personal ocupado construcción,2025-11,81.82241724,índice 2018=100,INEGI ENEC
Mercado laboral,Personal ocupado construcción,2025-12,81.27056251,índice 2018=100,INEGI ENEC
Mercado laboral,Personal ocupado construcción,2026-01,80.79065521,índice 2018=100,INEGI ENEC
Mercado laboral,Personal ocupado construcción,2026-02,80.9973008,índice 2018=100,INEGI ENEC
Mercado laboral,Personal ocupado construcción,2026-03,81.35406636,índice 2018=100,INEGI ENEC
Mercado laboral,Personal ocupado construcción,2026-04,81.84002054,índice 2018=100,INEGI ENEC
Mercado laboral,Personal ocupado edificación,2018-01,104.95727,índice 2018=100,INEGI ENEC
Mercado laboral,Personal ocupado edificación,2018-02,102.471367,índice 2018=100,INEGI ENEC
Mercado laboral,Personal ocupado edificación,2018-03,101.424453,índice 2018=100,INEGI ENEC
Mercado laboral,Personal ocupado edificación,2018-04,100.745469,índice 2018=100,INEGI ENEC
Mercado laboral,Personal ocupado edificación,2018-05,100.662542,índice 2018=100,INEGI ENEC
Mercado laboral,Personal ocupado edificación,2018-06,100.284764,índice 2018=100,INEGI ENEC
Mercado laboral,Personal ocupado edificación,2018-07,99.575595,índice 2018=100,INEGI ENEC
Mercado laboral,Personal ocupado edificación,2018-08,99.76782,índice 2018=100,INEGI ENEC
Mercado laboral,Personal ocupado edificación,2018-09,97.664144,índice 2018=100,INEGI ENEC
Mercado laboral,Personal ocupado edificación,2018-10,97.806169,índice 2018=100,INEGI ENEC
Mercado laboral,Personal ocupado edificación,2018-11,96.526043,índice 2018=100,INEGI ENEC
Mercado laboral,Personal ocupado edificación,2018-12,98.114365,índice 2018=100,INEGI ENEC
Mercado laboral,Personal ocupado edificación,2019-01,100.563729,índice 2018=100,INEGI ENEC
Mercado laboral,Personal ocupado edificación,2019-02,98.710104,índice 2018=100,INEGI ENEC
Mercado laboral,Personal ocupado edificación,2019-03,96.601027,índice 2018=100,INEGI ENEC
Mercado laboral,Personal ocupado edificación,2019-04,95.018742,índice 2018=100,INEGI ENEC
Mercado laboral,Personal ocupado edificación,2019-05,94.060792,índice 2018=100,INEGI ENEC
Mercado laboral,Personal ocupado edificación,2019-06,94.720396,índice 2018=100,INEGI ENEC
Mercado laboral,Personal ocupado edificación,2019-07,93.653465,índice 2018=100,INEGI ENEC
Mercado laboral,Personal ocupado edificación,2019-08,94.132599,índice 2018=100,INEGI ENEC
Mercado laboral,Personal ocupado edificación,2019-09,95.057505,índice 2018=100,INEGI ENEC
Mercado laboral,Personal ocupado edificación,2019-10,94.83859,índice 2018=100,INEGI ENEC
Mercado laboral,Personal ocupado edificación,2019-11,94.886249,índice 2018=100,INEGI ENEC
Mercado laboral,Personal ocupado edificación,2019-12,94.734693,índice 2018=100,INEGI ENEC
Mercado laboral,Personal ocupado edificación,2020-01,88.320085,índice 2018=100,INEGI ENEC
Mercado laboral,Personal ocupado edificación,2020-02,87.304309,índice 2018=100,INEGI ENEC
Mercado laboral,Personal ocupado edificación,2020-03,83.02388,índice 2018=100,INEGI ENEC
Mercado laboral,Personal ocupado edificación,2020-04,74.714025,índice 2018=100,INEGI ENEC
Mercado laboral,Personal ocupado edificación,2020-05,71.203768,índice 2018=100,INEGI ENEC
Mercado laboral,Personal ocupado edificación,2020-06,72.866438,índice 2018=100,INEGI ENEC
Mercado laboral,Personal ocupado edificación,2020-07,72.384762,índice 2018=100,INEGI ENEC
Mercado laboral,Personal ocupado edificación,2020-08,72.190313,índice 2018=100,INEGI ENEC
Mercado laboral,Personal ocupado edificación,2020-09,71.772818,índice 2018=100,INEGI ENEC
Mercado laboral,Personal ocupado edificación,2020-10,72.090864,índice 2018=100,INEGI ENEC
Mercado laboral,Personal ocupado edificación,2020-11,70.975639,índice 2018=100,INEGI ENEC
Mercado laboral,Personal ocupado edificación,2020-12,71.466211,índice 2018=100,INEGI ENEC
Mercado laboral,Personal ocupado edificación,2021-01,73.458682,índice 2018=100,INEGI ENEC
Mercado laboral,Personal ocupado edificación,2021-02,72.746654,índice 2018=100,INEGI ENEC
Mercado laboral,Personal ocupado edificación,2021-03,74.024556,índice 2018=100,INEGI ENEC
Mercado laboral,Personal ocupado edificación,2021-04,75.608429,índice 2018=100,INEGI ENEC
Mercado laboral,Personal ocupado edificación,2021-05,75.191888,índice 2018=100,INEGI ENEC
Mercado laboral,Personal ocupado edificación,2021-06,74.95804,índice 2018=100,INEGI ENEC
Mercado laboral,Personal ocupado edificación,2021-07,73.682998,índice 2018=100,INEGI ENEC
Mercado laboral,Personal ocupado edificación,2021-08,73.242627,índice 2018=100,INEGI ENEC
Mercado laboral,Personal ocupado edificación,2021-09,73.496174,índice 2018=100,INEGI ENEC
Mercado laboral,Personal ocupado edificación,2021-10,74.165627,índice 2018=100,INEGI ENEC
Mercado laboral,Personal ocupado edificación,2021-11,74.384541,índice 2018=100,INEGI ENEC
Mercado laboral,Personal ocupado edificación,2021-12,73.608968,índice 2018=100,INEGI ENEC
Mercado laboral,Personal ocupado edificación,2022-01,78.920742,índice 2018=100,INEGI ENEC
Mercado laboral,Personal ocupado edificación,2022-02,82.095161,índice 2018=100,INEGI ENEC
Mercado laboral,Personal ocupado edificación,2022-03,85.555218,índice 2018=100,INEGI ENEC
Mercado laboral,Personal ocupado edificación,2022-04,88.158997,índice 2018=100,INEGI ENEC
Mercado laboral,Personal ocupado edificación,2022-05,86.722232,índice 2018=100,INEGI ENEC
Mercado laboral,Personal ocupado edificación,2022-06,89.147449,índice 2018=100,INEGI ENEC
Mercado laboral,Personal ocupado edificación,2022-07,90.229312,índice 2018=100,INEGI ENEC
Mercado laboral,Personal ocupado edificación,2022-08,90.606137,índice 2018=100,INEGI ENEC
Mercado laboral,Personal ocupado edificación,2022-09,90.032321,índice 2018=100,INEGI ENEC
Mercado laboral,Personal ocupado edificación,2022-10,89.730797,índice 2018=100,INEGI ENEC
Mercado laboral,Personal ocupado edificación,2022-11,89.80165,índice 2018=100,INEGI ENEC
Mercado laboral,Personal ocupado edificación,2022-12,88.718834,índice 2018=100,INEGI ENEC
Mercado laboral,Personal ocupado edificación,2023-01,84.126713,índice 2018=100,INEGI ENEC
Mercado laboral,Personal ocupado edificación,2023-02,85.324547,índice 2018=100,INEGI ENEC
Mercado laboral,Personal ocupado edificación,2023-03,85.806223,índice 2018=100,INEGI ENEC
Mercado laboral,Personal ocupado edificación,2023-04,83.145887,índice 2018=100,INEGI ENEC
Mercado laboral,Personal ocupado edificación,2023-05,83.418815,índice 2018=100,INEGI ENEC
Mercado laboral,Personal ocupado edificación,2023-06,85.120884,índice 2018=100,INEGI ENEC
Mercado laboral,Personal ocupado edificación,2023-07,84.340862,índice 2018=100,INEGI ENEC
Mercado laboral,Personal ocupado edificación,2023-08,84.85145,índice 2018=100,INEGI ENEC
Mercado laboral,Personal ocupado edificación,2023-09,82.396049,índice 2018=100,INEGI ENEC
Mercado laboral,Personal ocupado edificación,2023-10,83.668549,índice 2018=100,INEGI ENEC
Mercado laboral,Personal ocupado edificación,2023-11,83.458531,índice 2018=100,INEGI ENEC
Mercado laboral,Personal ocupado edificación,2023-12,82.184443,índice 2018=100,INEGI ENEC
Mercado laboral,Personal ocupado edificación,2024-01,80.350517,índice 2018=100,INEGI ENEC
Mercado laboral,Personal ocupado edificación,2024-02,80.083944,índice 2018=100,INEGI ENEC
Mercado laboral,Personal ocupado edificación,2024-03,80.863648,índice 2018=100,INEGI ENEC
Mercado laboral,Personal ocupado edificación,2024-04,80.274898,índice 2018=100,INEGI ENEC
Mercado laboral,Personal ocupado edificación,2024-05,80.903999,índice 2018=100,INEGI ENEC
Mercado laboral,Personal ocupado edificación,2024-06,81.276059,índice 2018=100,INEGI ENEC
Mercado laboral,Personal ocupado edificación,2024-07,82.14981,índice 2018=100,INEGI ENEC
Mercado laboral,Personal ocupado edificación,2024-08,82.314393,índice 2018=100,INEGI ENEC
Mercado laboral,Personal ocupado edificación,2024-09,80.716222,índice 2018=100,INEGI ENEC
Mercado laboral,Personal ocupado edificación,2024-10,81.009167,índice 2018=100,INEGI ENEC
Mercado laboral,Personal ocupado edificación,2024-11,79.466598,índice 2018=100,INEGI ENEC
Mercado laboral,Personal ocupado edificación,2024-12,79.895213,índice 2018=100,INEGI ENEC
Mercado laboral,Personal ocupado edificación,2025-01,80.073776,índice 2018=100,INEGI ENEC
Mercado laboral,Personal ocupado edificación,2025-02,79.633088,índice 2018=100,INEGI ENEC
Mercado laboral,Personal ocupado edificación,2025-03,80.174496,índice 2018=100,INEGI ENEC
Mercado laboral,Personal ocupado edificación,2025-04,80.978983,índice 2018=100,INEGI ENEC
Mercado laboral,Personal ocupado edificación,2025-05,79.254356,índice 2018=100,INEGI ENEC
Mercado laboral,Personal ocupado edificación,2025-06,80.207222,índice 2018=100,INEGI ENEC
Mercado laboral,Personal ocupado edificación,2025-07,80.078225,índice 2018=100,INEGI ENEC
Mercado laboral,Personal ocupado edificación,2025-08,80.091251,índice 2018=100,INEGI ENEC
Mercado laboral,Personal ocupado edificación,2025-09,79.587017,índice 2018=100,INEGI ENEC
Mercado laboral,Personal ocupado edificación,2025-10,79.801801,índice 2018=100,INEGI ENEC
Mercado laboral,Personal ocupado edificación,2025-11,77.969782,índice 2018=100,INEGI ENEC
Mercado laboral,Personal ocupado edificación,2025-12,77.349895,índice 2018=100,INEGI ENEC
Mercado laboral,Personal ocupado edificación,2026-01,77.376585,índice 2018=100,INEGI ENEC
Mercado laboral,Personal ocupado edificación,2026-02,76.574957,índice 2018=100,INEGI ENEC
Mercado laboral,Personal ocupado edificación,2026-03,75.528679,índice 2018=100,INEGI ENEC
Mercado laboral,Personal ocupado edificación,2026-04,75.861023,índice 2018=100,INEGI ENEC
Mercado laboral,Remuneraciones construcción,2018-01,82.78873634,índice 2018=100,INEGI ENEC
Mercado laboral,Remuneraciones construcción,2018-02,85.53703989,índice 2018=100,INEGI ENEC
Mercado laboral,Remuneraciones construcción,2018-03,96.73538948,índice 2018=100,INEGI ENEC
Mercado laboral,Remuneraciones construcción,2018-04,98.20671912,índice 2018=100,INEGI ENEC
Mercado laboral,Remuneraciones construcción,2018-05,103.48493537,índice 2018=100,INEGI ENEC
Mercado laboral,Remuneraciones construcción,2018-06,105.11210192,índice 2018=100,INEGI ENEC
Mercado laboral,Remuneraciones construcción,2018-07,105.10152761,índice 2018=100,INEGI ENEC
Mercado laboral,Remuneraciones construcción,2018-08,98.77841984,índice 2018=100,INEGI ENEC
Mercado laboral,Remuneraciones construcción,2018-09,102.1410635,índice 2018=100,INEGI ENEC
Mercado laboral,Remuneraciones construcción,2018-10,98.86193124,índice 2018=100,INEGI ENEC
Mercado laboral,Remuneraciones construcción,2018-11,108.25703688,índice 2018=100,INEGI ENEC
Mercado laboral,Remuneraciones construcción,2018-12,116.77021094,índice 2018=100,INEGI ENEC
Mercado laboral,Remuneraciones construcción,2019-01,87.54206467,índice 2018=100,INEGI ENEC
Mercado laboral,Remuneraciones construcción,2019-02,87.23125941,índice 2018=100,INEGI ENEC
Mercado laboral,Remuneraciones construcción,2019-03,96.05040786,índice 2018=100,INEGI ENEC
Mercado laboral,Remuneraciones construcción,2019-04,99.449722,índice 2018=100,INEGI ENEC
Mercado laboral,Remuneraciones construcción,2019-05,100.94440791,índice 2018=100,INEGI ENEC
Mercado laboral,Remuneraciones construcción,2019-06,99.5496586,índice 2018=100,INEGI ENEC
Mercado laboral,Remuneraciones construcción,2019-07,101.38518969,índice 2018=100,INEGI ENEC
Mercado laboral,Remuneraciones construcción,2019-08,95.51498876,índice 2018=100,INEGI ENEC
Mercado laboral,Remuneraciones construcción,2019-09,99.37305975,índice 2018=100,INEGI ENEC
Mercado laboral,Remuneraciones construcción,2019-10,101.70506831,índice 2018=100,INEGI ENEC
Mercado laboral,Remuneraciones construcción,2019-11,101.41168999,índice 2018=100,INEGI ENEC
Mercado laboral,Remuneraciones construcción,2019-12,112.77745722,índice 2018=100,INEGI ENEC
Mercado laboral,Remuneraciones construcción,2020-01,102.35061488,índice 2018=100,INEGI ENEC
Mercado laboral,Remuneraciones construcción,2020-02,96.18788472,índice 2018=100,INEGI ENEC
Mercado laboral,Remuneraciones construcción,2020-03,95.9889566,índice 2018=100,INEGI ENEC
Mercado laboral,Remuneraciones construcción,2020-04,101.69873205,índice 2018=100,INEGI ENEC
Mercado laboral,Remuneraciones construcción,2020-05,105.75399033,índice 2018=100,INEGI ENEC
Mercado laboral,Remuneraciones construcción,2020-06,102.49955982,índice 2018=100,INEGI ENEC
Mercado laboral,Remuneraciones construcción,2020-07,100.48989936,índice 2018=100,INEGI ENEC
Mercado laboral,Remuneraciones construcción,2020-08,106.73285346,índice 2018=100,INEGI ENEC
Mercado laboral,Remuneraciones construcción,2020-09,107.772831,índice 2018=100,INEGI ENEC
Mercado laboral,Remuneraciones construcción,2020-10,109.76316321,índice 2018=100,INEGI ENEC
Mercado laboral,Remuneraciones construcción,2020-11,110.95886866,índice 2018=100,INEGI ENEC
Mercado laboral,Remuneraciones construcción,2020-12,123.56116035,índice 2018=100,INEGI ENEC
Mercado laboral,Remuneraciones construcción,2021-01,104.52145556,índice 2018=100,INEGI ENEC
Mercado laboral,Remuneraciones construcción,2021-02,101.13489695,índice 2018=100,INEGI ENEC
Mercado laboral,Remuneraciones construcción,2021-03,100.93651657,índice 2018=100,INEGI ENEC
Mercado laboral,Remuneraciones construcción,2021-04,103.52873873,índice 2018=100,INEGI ENEC
Mercado laboral,Remuneraciones construcción,2021-05,104.73938225,índice 2018=100,INEGI ENEC
Mercado laboral,Remuneraciones construcción,2021-06,100.24202956,índice 2018=100,INEGI ENEC
Mercado laboral,Remuneraciones construcción,2021-07,103.81794062,índice 2018=100,INEGI ENEC
Mercado laboral,Remuneraciones construcción,2021-08,106.259556,índice 2018=100,INEGI ENEC
Mercado laboral,Remuneraciones construcción,2021-09,106.00620812,índice 2018=100,INEGI ENEC
Mercado laboral,Remuneraciones construcción,2021-10,109.24266035,índice 2018=100,INEGI ENEC
Mercado laboral,Remuneraciones construcción,2021-11,110.67827014,índice 2018=100,INEGI ENEC
Mercado laboral,Remuneraciones construcción,2021-12,122.03125021,índice 2018=100,INEGI ENEC
Mercado laboral,Remuneraciones construcción,2022-01,101.23457531,índice 2018=100,INEGI ENEC
Mercado laboral,Remuneraciones construcción,2022-02,101.17072148,índice 2018=100,INEGI ENEC
Mercado laboral,Remuneraciones construcción,2022-03,98.52636882,índice 2018=100,INEGI ENEC
Mercado laboral,Remuneraciones construcción,2022-04,99.60531654,índice 2018=100,INEGI ENEC
Mercado laboral,Remuneraciones construcción,2022-05,108.13157278,índice 2018=100,INEGI ENEC
Mercado laboral,Remuneraciones construcción,2022-06,99.04138142,índice 2018=100,INEGI ENEC
Mercado laboral,Remuneraciones construcción,2022-07,103.08738153,índice 2018=100,INEGI ENEC
Mercado laboral,Remuneraciones construcción,2022-08,100.48998259,índice 2018=100,INEGI ENEC
Mercado laboral,Remuneraciones construcción,2022-09,101.54777836,índice 2018=100,INEGI ENEC
Mercado laboral,Remuneraciones construcción,2022-10,99.03987278,índice 2018=100,INEGI ENEC
Mercado laboral,Remuneraciones construcción,2022-11,101.93732219,índice 2018=100,INEGI ENEC
Mercado laboral,Remuneraciones construcción,2022-12,114.52337982,índice 2018=100,INEGI ENEC
Mercado laboral,Remuneraciones construcción,2023-01,100.73018661,índice 2018=100,INEGI ENEC
Mercado laboral,Remuneraciones construcción,2023-02,102.05323406,índice 2018=100,INEGI ENEC
Mercado laboral,Remuneraciones construcción,2023-03,98.25405848,índice 2018=100,INEGI ENEC
Mercado laboral,Remuneraciones construcción,2023-04,99.65565229,índice 2018=100,INEGI ENEC
Mercado laboral,Remuneraciones construcción,2023-05,104.37100066,índice 2018=100,INEGI ENEC
Mercado laboral,Remuneraciones construcción,2023-06,103.72867777,índice 2018=100,INEGI ENEC
Mercado laboral,Remuneraciones construcción,2023-07,102.24103584,índice 2018=100,INEGI ENEC
Mercado laboral,Remuneraciones construcción,2023-08,107.54888732,índice 2018=100,INEGI ENEC
Mercado laboral,Remuneraciones construcción,2023-09,105.79954218,índice 2018=100,INEGI ENEC
Mercado laboral,Remuneraciones construcción,2023-10,109.92594023,índice 2018=100,INEGI ENEC
Mercado laboral,Remuneraciones construcción,2023-11,109.94788845,índice 2018=100,INEGI ENEC
Mercado laboral,Remuneraciones construcción,2023-12,125.85680657,índice 2018=100,INEGI ENEC
Mercado laboral,Remuneraciones construcción,2024-01,109.00490863,índice 2018=100,INEGI ENEC
Mercado laboral,Remuneraciones construcción,2024-02,114.36852373,índice 2018=100,INEGI ENEC
Mercado laboral,Remuneraciones construcción,2024-03,110.2268091,índice 2018=100,INEGI ENEC
Mercado laboral,Remuneraciones construcción,2024-04,113.62418422,índice 2018=100,INEGI ENEC
Mercado laboral,Remuneraciones construcción,2024-05,121.16631784,índice 2018=100,INEGI ENEC
Mercado laboral,Remuneraciones construcción,2024-06,114.42334511,índice 2018=100,INEGI ENEC
Mercado laboral,Remuneraciones construcción,2024-07,108.71802419,índice 2018=100,INEGI ENEC
Mercado laboral,Remuneraciones construcción,2024-08,116.71282173,índice 2018=100,INEGI ENEC
Mercado laboral,Remuneraciones construcción,2024-09,106.50505113,índice 2018=100,INEGI ENEC
Mercado laboral,Remuneraciones construcción,2024-10,112.31482452,índice 2018=100,INEGI ENEC
Mercado laboral,Remuneraciones construcción,2024-11,106.55291817,índice 2018=100,INEGI ENEC
Mercado laboral,Remuneraciones construcción,2024-12,122.71783561,índice 2018=100,INEGI ENEC
Mercado laboral,Remuneraciones construcción,2025-01,108.0424686,índice 2018=100,INEGI ENEC
Mercado laboral,Remuneraciones construcción,2025-02,108.86909061,índice 2018=100,INEGI ENEC
Mercado laboral,Remuneraciones construcción,2025-03,107.65362758,índice 2018=100,INEGI ENEC
Mercado laboral,Remuneraciones construcción,2025-04,109.06744126,índice 2018=100,INEGI ENEC
Mercado laboral,Remuneraciones construcción,2025-05,118.81895393,índice 2018=100,INEGI ENEC
Mercado laboral,Remuneraciones construcción,2025-06,112.37400733,índice 2018=100,INEGI ENEC
Mercado laboral,Remuneraciones construcción,2025-07,108.67672849,índice 2018=100,INEGI ENEC
Mercado laboral,Remuneraciones construcción,2025-08,111.04818688,índice 2018=100,INEGI ENEC
Mercado laboral,Remuneraciones construcción,2025-09,108.50668362,índice 2018=100,INEGI ENEC
Mercado laboral,Remuneraciones construcción,2025-10,111.32436031,índice 2018=100,INEGI ENEC
Mercado laboral,Remuneraciones construcción,2025-11,107.84131845,índice 2018=100,INEGI ENEC
Mercado laboral,Remuneraciones construcción,2025-12,124.47463858,índice 2018=100,INEGI ENEC
Mercado laboral,Remuneraciones construcción,2026-01,110.21037095,índice 2018=100,INEGI ENEC
Mercado laboral,Remuneraciones construcción,2026-02,110.79347182,índice 2018=100,INEGI ENEC
Mercado laboral,Remuneraciones construcción,2026-03,109.00267841,índice 2018=100,INEGI ENEC
Mercado laboral,Remuneraciones construcción,2026-04,112.69204735,índice 2018=100,INEGI ENEC
Mercado laboral,Remuneraciones edificación,2018-01,82.10759769,índice 2018=100,INEGI ENEC
Mercado laboral,Remuneraciones edificación,2018-02,83.77537112,índice 2018=100,INEGI ENEC
Mercado laboral,Remuneraciones edificación,2018-03,96.71018191,índice 2018=100,INEGI ENEC
Mercado laboral,Remuneraciones edificación,2018-04,99.1039875,índice 2018=100,INEGI ENEC
Mercado laboral,Remuneraciones edificación,2018-05,103.27731541,índice 2018=100,INEGI ENEC
Mercado laboral,Remuneraciones edificación,2018-06,105.0611377,índice 2018=100,INEGI ENEC
Mercado laboral,Remuneraciones edificación,2018-07,105.05497557,índice 2018=100,INEGI ENEC
Mercado laboral,Remuneraciones edificación,2018-08,100.21632125,índice 2018=100,INEGI ENEC
Mercado laboral,Remuneraciones edificación,2018-09,103.12708214,índice 2018=100,INEGI ENEC
Mercado laboral,Remuneraciones edificación,2018-10,99.65438376,índice 2018=100,INEGI ENEC
Mercado laboral,Remuneraciones edificación,2018-11,108.93476075,índice 2018=100,INEGI ENEC
Mercado laboral,Remuneraciones edificación,2018-12,114.96218418,índice 2018=100,INEGI ENEC
Mercado laboral,Remuneraciones edificación,2019-01,84.29850886,índice 2018=100,INEGI ENEC
Mercado laboral,Remuneraciones edificación,2019-02,81.95162777,índice 2018=100,INEGI ENEC
Mercado laboral,Remuneraciones edificación,2019-03,91.19627372,índice 2018=100,INEGI ENEC
Mercado laboral,Remuneraciones edificación,2019-04,95.54250676,índice 2018=100,INEGI ENEC
Mercado laboral,Remuneraciones edificación,2019-05,94.93745066,índice 2018=100,INEGI ENEC
Mercado laboral,Remuneraciones edificación,2019-06,90.76277827,índice 2018=100,INEGI ENEC
Mercado laboral,Remuneraciones edificación,2019-07,92.15211632,índice 2018=100,INEGI ENEC
Mercado laboral,Remuneraciones edificación,2019-08,91.5328132,índice 2018=100,INEGI ENEC
Mercado laboral,Remuneraciones edificación,2019-09,95.29826393,índice 2018=100,INEGI ENEC
Mercado laboral,Remuneraciones edificación,2019-10,93.4996988,índice 2018=100,INEGI ENEC
Mercado laboral,Remuneraciones edificación,2019-11,93.12302566,índice 2018=100,INEGI ENEC
Mercado laboral,Remuneraciones edificación,2019-12,102.48305233,índice 2018=100,INEGI ENEC
Mercado laboral,Remuneraciones edificación,2020-01,94.98425302,índice 2018=100,INEGI ENEC
Mercado laboral,Remuneraciones edificación,2020-02,89.37326564,índice 2018=100,INEGI ENEC
Mercado laboral,Remuneraciones edificación,2020-03,88.36575332,índice 2018=100,INEGI ENEC
Mercado laboral,Remuneraciones edificación,2020-04,93.13363723,índice 2018=100,INEGI ENEC
Mercado laboral,Remuneraciones edificación,2020-05,101.25537738,índice 2018=100,INEGI ENEC
Mercado laboral,Remuneraciones edificación,2020-06,97.1098354,índice 2018=100,INEGI ENEC
Mercado laboral,Remuneraciones edificación,2020-07,99.49166787,índice 2018=100,INEGI ENEC
Mercado laboral,Remuneraciones edificación,2020-08,101.52771605,índice 2018=100,INEGI ENEC
Mercado laboral,Remuneraciones edificación,2020-09,101.53045266,índice 2018=100,INEGI ENEC
Mercado laboral,Remuneraciones edificación,2020-10,103.86164189,índice 2018=100,INEGI ENEC
Mercado laboral,Remuneraciones edificación,2020-11,106.3026583,índice 2018=100,INEGI ENEC
Mercado laboral,Remuneraciones edificación,2020-12,114.73793399,índice 2018=100,INEGI ENEC
Mercado laboral,Remuneraciones edificación,2021-01,91.29471313,índice 2018=100,INEGI ENEC
Mercado laboral,Remuneraciones edificación,2021-02,90.28993141,índice 2018=100,INEGI ENEC
Mercado laboral,Remuneraciones edificación,2021-03,89.09231148,índice 2018=100,INEGI ENEC
Mercado laboral,Remuneraciones edificación,2021-04,88.16643446,índice 2018=100,INEGI ENEC
Mercado laboral,Remuneraciones edificación,2021-05,90.61007618,índice 2018=100,INEGI ENEC
Mercado laboral,Remuneraciones edificación,2021-06,89.20490584,índice 2018=100,INEGI ENEC
Mercado laboral,Remuneraciones edificación,2021-07,92.69887471,índice 2018=100,INEGI ENEC
Mercado laboral,Remuneraciones edificación,2021-08,95.84820053,índice 2018=100,INEGI ENEC
Mercado laboral,Remuneraciones edificación,2021-09,95.16187468,índice 2018=100,INEGI ENEC
Mercado laboral,Remuneraciones edificación,2021-10,98.76492651,índice 2018=100,INEGI ENEC
Mercado laboral,Remuneraciones edificación,2021-11,98.69615516,índice 2018=100,INEGI ENEC
Mercado laboral,Remuneraciones edificación,2021-12,112.6409801,índice 2018=100,INEGI ENEC
Mercado laboral,Remuneraciones edificación,2022-01,94.20928784,índice 2018=100,INEGI ENEC
Mercado laboral,Remuneraciones edificación,2022-02,94.63232796,índice 2018=100,INEGI ENEC
Mercado laboral,Remuneraciones edificación,2022-03,92.0028104,índice 2018=100,INEGI ENEC
Mercado laboral,Remuneraciones edificación,2022-04,89.55327611,índice 2018=100,INEGI ENEC
Mercado laboral,Remuneraciones edificación,2022-05,97.81810274,índice 2018=100,INEGI ENEC
Mercado laboral,Remuneraciones edificación,2022-06,91.21302843,índice 2018=100,INEGI ENEC
Mercado laboral,Remuneraciones edificación,2022-07,97.08019828,índice 2018=100,INEGI ENEC
Mercado laboral,Remuneraciones edificación,2022-08,96.08535678,índice 2018=100,INEGI ENEC
Mercado laboral,Remuneraciones edificación,2022-09,96.55786615,índice 2018=100,INEGI ENEC
Mercado laboral,Remuneraciones edificación,2022-10,95.1876723,índice 2018=100,INEGI ENEC
Mercado laboral,Remuneraciones edificación,2022-11,96.40562618,índice 2018=100,INEGI ENEC
Mercado laboral,Remuneraciones edificación,2022-12,112.10714627,índice 2018=100,INEGI ENEC
Mercado laboral,Remuneraciones edificación,2023-01,95.24417173,índice 2018=100,INEGI ENEC
Mercado laboral,Remuneraciones edificación,2023-02,95.51927653,índice 2018=100,INEGI ENEC
Mercado laboral,Remuneraciones edificación,2023-03,92.4110982,índice 2018=100,INEGI ENEC
Mercado laboral,Remuneraciones edificación,2023-04,91.34106898,índice 2018=100,INEGI ENEC
Mercado laboral,Remuneraciones edificación,2023-05,96.3361503,índice 2018=100,INEGI ENEC
Mercado laboral,Remuneraciones edificación,2023-06,91.66586898,índice 2018=100,INEGI ENEC
Mercado laboral,Remuneraciones edificación,2023-07,94.20364829,índice 2018=100,INEGI ENEC
Mercado laboral,Remuneraciones edificación,2023-08,96.42872809,índice 2018=100,INEGI ENEC
Mercado laboral,Remuneraciones edificación,2023-09,98.73669307,índice 2018=100,INEGI ENEC
Mercado laboral,Remuneraciones edificación,2023-10,100.91948888,índice 2018=100,INEGI ENEC
Mercado laboral,Remuneraciones edificación,2023-11,100.6692102,índice 2018=100,INEGI ENEC
Mercado laboral,Remuneraciones edificación,2023-12,116.90187765,índice 2018=100,INEGI ENEC
Mercado laboral,Remuneraciones edificación,2024-01,97.1137709,índice 2018=100,INEGI ENEC
Mercado laboral,Remuneraciones edificación,2024-02,98.83605633,índice 2018=100,INEGI ENEC
Mercado laboral,Remuneraciones edificación,2024-03,96.513719,índice 2018=100,INEGI ENEC
Mercado laboral,Remuneraciones edificación,2024-04,98.05115791,índice 2018=100,INEGI ENEC
Mercado laboral,Remuneraciones edificación,2024-05,105.00925671,índice 2018=100,INEGI ENEC
Mercado laboral,Remuneraciones edificación,2024-06,97.73575513,índice 2018=100,INEGI ENEC
Mercado laboral,Remuneraciones edificación,2024-07,95.3766016,índice 2018=100,INEGI ENEC
Mercado laboral,Remuneraciones edificación,2024-08,99.31729436,índice 2018=100,INEGI ENEC
Mercado laboral,Remuneraciones edificación,2024-09,96.3592238,índice 2018=100,INEGI ENEC
Mercado laboral,Remuneraciones edificación,2024-10,100.35679789,índice 2018=100,INEGI ENEC
Mercado laboral,Remuneraciones edificación,2024-11,100.06399544,índice 2018=100,INEGI ENEC
Mercado laboral,Remuneraciones edificación,2024-12,114.43842199,índice 2018=100,INEGI ENEC
Mercado laboral,Remuneraciones edificación,2025-01,102.23793618,índice 2018=100,INEGI ENEC
Mercado laboral,Remuneraciones edificación,2025-02,102.62629022,índice 2018=100,INEGI ENEC
Mercado laboral,Remuneraciones edificación,2025-03,101.51656207,índice 2018=100,INEGI ENEC
Mercado laboral,Remuneraciones edificación,2025-04,103.64520384,índice 2018=100,INEGI ENEC
Mercado laboral,Remuneraciones edificación,2025-05,110.42513423,índice 2018=100,INEGI ENEC
Mercado laboral,Remuneraciones edificación,2025-06,104.98187433,índice 2018=100,INEGI ENEC
Mercado laboral,Remuneraciones edificación,2025-07,102.17319627,índice 2018=100,INEGI ENEC
Mercado laboral,Remuneraciones edificación,2025-08,105.10428161,índice 2018=100,INEGI ENEC
Mercado laboral,Remuneraciones edificación,2025-09,102.25466674,índice 2018=100,INEGI ENEC
Mercado laboral,Remuneraciones edificación,2025-10,105.25280125,índice 2018=100,INEGI ENEC
Mercado laboral,Remuneraciones edificación,2025-11,104.04064103,índice 2018=100,INEGI ENEC
Mercado laboral,Remuneraciones edificación,2025-12,118.4615312,índice 2018=100,INEGI ENEC
Mercado laboral,Remuneraciones edificación,2026-01,105.37715641,índice 2018=100,INEGI ENEC
Mercado laboral,Remuneraciones edificación,2026-02,104.62414886,índice 2018=100,INEGI ENEC
Mercado laboral,Remuneraciones edificación,2026-03,105.63497344,índice 2018=100,INEGI ENEC
Mercado laboral,Remuneraciones edificación,2026-04,107.24946064,índice 2018=100,INEGI ENEC
Mercado laboral,SBC diario promedio IMSS construcción,2018-01,224.54,pesos diarios,IMSS
Mercado laboral,SBC diario promedio IMSS construcción,2018-02,224.54,pesos diarios,IMSS
Mercado laboral,SBC diario promedio IMSS construcción,2018-03,225.64,pesos diarios,IMSS
Mercado laboral,SBC diario promedio IMSS construcción,2018-04,224.43,pesos diarios,IMSS
Mercado laboral,SBC diario promedio IMSS construcción,2018-05,227.66,pesos diarios,IMSS
Mercado laboral,SBC diario promedio IMSS construcción,2018-06,227.14,pesos diarios,IMSS
Mercado laboral,SBC diario promedio IMSS construcción,2018-07,227.73,pesos diarios,IMSS
Mercado laboral,SBC diario promedio IMSS construcción,2018-08,227.09,pesos diarios,IMSS
Mercado laboral,SBC diario promedio IMSS construcción,2018-09,227.03,pesos diarios,IMSS
Mercado laboral,SBC diario promedio IMSS construcción,2018-10,225.88,pesos diarios,IMSS
Mercado laboral,SBC diario promedio IMSS construcción,2018-11,228.78,pesos diarios,IMSS
Mercado laboral,SBC diario promedio IMSS construcción,2018-12,231.33,pesos diarios,IMSS
Mercado laboral,SBC diario promedio IMSS construcción,2019-01,240.82,pesos diarios,IMSS
Mercado laboral,SBC diario promedio IMSS construcción,2019-02,241.12,pesos diarios,IMSS
Mercado laboral,SBC diario promedio IMSS construcción,2019-03,242.45,pesos diarios,IMSS
Mercado laboral,SBC diario promedio IMSS construcción,2019-04,242.44,pesos diarios,IMSS
Mercado laboral,SBC diario promedio IMSS construcción,2019-05,245.25,pesos diarios,IMSS
Mercado laboral,SBC diario promedio IMSS construcción,2019-06,245.07,pesos diarios,IMSS
Mercado laboral,SBC diario promedio IMSS construcción,2019-07,247.75,pesos diarios,IMSS
Mercado laboral,SBC diario promedio IMSS construcción,2019-08,246.68,pesos diarios,IMSS
Mercado laboral,SBC diario promedio IMSS construcción,2019-09,247.09,pesos diarios,IMSS
Mercado laboral,SBC diario promedio IMSS construcción,2019-10,246.26,pesos diarios,IMSS
Mercado laboral,SBC diario promedio IMSS construcción,2019-11,249.0,pesos diarios,IMSS
Mercado laboral,SBC diario promedio IMSS construcción,2019-12,252.01,pesos diarios,IMSS
Mercado laboral,SBC diario promedio IMSS construcción,2020-01,265.58,pesos diarios,IMSS
Mercado laboral,SBC diario promedio IMSS construcción,2020-02,265.87,pesos diarios,IMSS
Mercado laboral,SBC diario promedio IMSS construcción,2020-03,269.03,pesos diarios,IMSS
Mercado laboral,SBC diario promedio IMSS construcción,2020-04,276.62,pesos diarios,IMSS
Mercado laboral,SBC diario promedio IMSS construcción,2020-05,278.32,pesos diarios,IMSS
Mercado laboral,SBC diario promedio IMSS construcción,2020-06,271.26,pesos diarios,IMSS
Mercado laboral,SBC diario promedio IMSS construcción,2020-07,270.57,pesos diarios,IMSS
Mercado laboral,SBC diario promedio IMSS construcción,2020-08,268.57,pesos diarios,IMSS
Mercado laboral,SBC diario promedio IMSS construcción,2020-09,270.68,pesos diarios,IMSS
Mercado laboral,SBC diario promedio IMSS construcción,2020-10,269.82,pesos diarios,IMSS
Mercado laboral,SBC diario promedio IMSS construcción,2020-11,273.36,pesos diarios,IMSS
Mercado laboral,SBC diario promedio IMSS construcción,2020-12,276.68,pesos diarios,IMSS
Mercado laboral,SBC diario promedio IMSS construcción,2021-01,290.98,pesos diarios,IMSS
Mercado laboral,SBC diario promedio IMSS construcción,2021-02,290.34,pesos diarios,IMSS
Mercado laboral,SBC diario promedio IMSS construcción,2021-03,289.46,pesos diarios,IMSS
Mercado laboral,SBC diario promedio IMSS construcción,2021-04,288.39,pesos diarios,IMSS
Mercado laboral,SBC diario promedio IMSS construcción,2021-05,291.73,pesos diarios,IMSS
Mercado laboral,SBC diario promedio IMSS construcción,2021-06,290.96,pesos diarios,IMSS
Mercado laboral,SBC diario promedio IMSS construcción,2021-07,294.9,pesos diarios,IMSS
Mercado laboral,SBC diario promedio IMSS construcción,2021-08,294.69,pesos diarios,IMSS
Mercado laboral,SBC diario promedio IMSS construcción,2021-09,299.0,pesos diarios,IMSS
Mercado laboral,SBC diario promedio IMSS construcción,2021-10,299.54,pesos diarios,IMSS
Mercado laboral,SBC diario promedio IMSS construcción,2021-11,306.38,pesos diarios,IMSS
Mercado laboral,SBC diario promedio IMSS construcción,2021-12,309.74,pesos diarios,IMSS
Mercado laboral,SBC diario promedio IMSS construcción,2022-01,333.12,pesos diarios,IMSS
Mercado laboral,SBC diario promedio IMSS construcción,2022-02,335.03,pesos diarios,IMSS
Mercado laboral,SBC diario promedio IMSS construcción,2022-03,337.06,pesos diarios,IMSS
Mercado laboral,SBC diario promedio IMSS construcción,2022-04,337.36,pesos diarios,IMSS
Mercado laboral,SBC diario promedio IMSS construcción,2022-05,341.48,pesos diarios,IMSS
Mercado laboral,SBC diario promedio IMSS construcción,2022-06,339.75,pesos diarios,IMSS
Mercado laboral,SBC diario promedio IMSS construcción,2022-07,344.21,pesos diarios,IMSS
Mercado laboral,SBC diario promedio IMSS construcción,2022-08,342.97,pesos diarios,IMSS
Mercado laboral,SBC diario promedio IMSS construcción,2022-09,345.84,pesos diarios,IMSS
Mercado laboral,SBC diario promedio IMSS construcción,2022-10,344.86,pesos diarios,IMSS
Mercado laboral,SBC diario promedio IMSS construcción,2022-11,349.79,pesos diarios,IMSS
Mercado laboral,SBC diario promedio IMSS construcción,2022-12,353.29,pesos diarios,IMSS
Mercado laboral,SBC diario promedio IMSS construcción,2023-01,382.44,pesos diarios,IMSS
Mercado laboral,SBC diario promedio IMSS construcción,2023-02,384.68,pesos diarios,IMSS
Mercado laboral,SBC diario promedio IMSS construcción,2023-03,388.29,pesos diarios,IMSS
Mercado laboral,SBC diario promedio IMSS construcción,2023-04,388.12,pesos diarios,IMSS
Mercado laboral,SBC diario promedio IMSS construcción,2023-05,395.24,pesos diarios,IMSS
Mercado laboral,SBC diario promedio IMSS construcción,2023-06,394.32,pesos diarios,IMSS
Mercado laboral,SBC diario promedio IMSS construcción,2023-07,399.31,pesos diarios,IMSS
Mercado laboral,SBC diario promedio IMSS construcción,2023-08,397.74,pesos diarios,IMSS
Mercado laboral,SBC diario promedio IMSS construcción,2023-09,400.36,pesos diarios,IMSS
Mercado laboral,SBC diario promedio IMSS construcción,2023-10,398.05,pesos diarios,IMSS
Mercado laboral,SBC diario promedio IMSS construcción,2023-11,403.45,pesos diarios,IMSS
Mercado laboral,SBC diario promedio IMSS construcción,2023-12,405.69,pesos diarios,IMSS
Mercado laboral,SBC diario promedio IMSS construcción,2024-01,436.99,pesos diarios,IMSS
Mercado laboral,SBC diario promedio IMSS construcción,2024-02,436.53,pesos diarios,IMSS
Mercado laboral,SBC diario promedio IMSS construcción,2024-03,439.96,pesos diarios,IMSS
Mercado laboral,SBC diario promedio IMSS construcción,2024-04,437.54,pesos diarios,IMSS
Mercado laboral,SBC diario promedio IMSS construcción,2024-05,443.13,pesos diarios,IMSS
Mercado laboral,SBC diario promedio IMSS construcción,2024-06,441.48,pesos diarios,IMSS
Mercado laboral,SBC diario promedio IMSS construcción,2024-07,443.75,pesos diarios,IMSS
Mercado laboral,SBC diario promedio IMSS construcción,2024-08,441.19,pesos diarios,IMSS
Mercado laboral,SBC diario promedio IMSS construcción,2024-09,440.28,pesos diarios,IMSS
Mercado laboral,SBC diario promedio IMSS construcción,2024-10,436.82,pesos diarios,IMSS
Mercado laboral,SBC diario promedio IMSS construcción,2024-11,438.69,pesos diarios,IMSS
Mercado laboral,SBC diario promedio IMSS construcción,2024-12,440.42,pesos diarios,IMSS
Mercado laboral,SBC diario promedio IMSS construcción,2025-01,463.67,pesos diarios,IMSS
Mercado laboral,SBC diario promedio IMSS construcción,2025-02,463.25,pesos diarios,IMSS
Mercado laboral,SBC diario promedio IMSS construcción,2025-03,460.6,pesos diarios,IMSS
Mercado laboral,SBC diario promedio IMSS construcción,2025-04,460.32,pesos diarios,IMSS
Mercado laboral,SBC diario promedio IMSS construcción,2025-05,464.0,pesos diarios,IMSS
Mercado laboral,SBC diario promedio IMSS construcción,2025-06,459.0,pesos diarios,IMSS
Mercado laboral,SBC diario promedio IMSS construcción,2025-07,462.87,pesos diarios,IMSS
Mercado laboral,SBC diario promedio IMSS construcción,2025-08,461.82,pesos diarios,IMSS
Mercado laboral,SBC diario promedio IMSS construcción,2025-09,460.81,pesos diarios,IMSS
Mercado laboral,SBC diario promedio IMSS construcción,2025-10,460.83,pesos diarios,IMSS
Mercado laboral,SBC diario promedio IMSS construcción,2025-11,464.9,pesos diarios,IMSS
Mercado laboral,SBC diario promedio IMSS construcción,2025-12,470.27,pesos diarios,IMSS
Mercado laboral,SBC diario promedio IMSS construcción,2026-01,499.88,pesos diarios,IMSS
Mercado laboral,SBC diario promedio IMSS construcción,2026-02,500.18,pesos diarios,IMSS
Mercado laboral,SBC diario promedio IMSS construcción,2026-03,498.21,pesos diarios,IMSS
Mercado laboral,SBC diario promedio IMSS construcción,2026-04,499.53,pesos diarios,IMSS
Mercado laboral,SBC diario promedio IMSS construcción,2026-05,504.33,pesos diarios,IMSS
Mercado laboral,SBC diario promedio IMSS construcción,2026-06,500.58,pesos diarios,IMSS
Mercado laboral,Trabajadores ENOE,2018,4375.6,miles,INEGI ENOE
Mercado laboral,Trabajadores ENOE,2019,4225.4,miles,INEGI ENOE
Mercado laboral,Trabajadores ENOE,2020,4272.1,miles,INEGI ENOE
Mercado laboral,Trabajadores ENOE,2021,4384.0,miles,INEGI ENOE
Mercado laboral,Trabajadores ENOE,2022,4475.6,miles,INEGI ENOE
Mercado laboral,Trabajadores ENOE,2023,4710.5,miles,INEGI ENOE
Mercado laboral,Trabajadores ENOE,2024,4599.2,miles,INEGI ENOE
Mercado laboral,Trabajadores ENOE,2025,4619.3,miles,INEGI ENOE
Mercado laboral,Trabajadores ENOE,2025-06,4598.423,miles,INEGI ENOE
Mercado laboral,Trabajadores ENOE,2026-06,4737.263,miles,INEGI ENOE
Mercado laboral,Trabajadores IMSS construcción,2018,1587.3,miles,IMSS
Mercado laboral,Trabajadores IMSS construcción,2019,1574.1,miles,IMSS
Mercado laboral,Trabajadores IMSS construcción,2020,1487.6,miles,IMSS
Mercado laboral,Trabajadores IMSS construcción,2021,1591.9,miles,IMSS
Mercado laboral,Trabajadores IMSS construcción,2022,1680.2,miles,IMSS
Mercado laboral,Trabajadores IMSS construcción,2023,1816.2,miles,IMSS
Mercado laboral,Trabajadores IMSS construcción,2024,1702.4,miles,IMSS
Mercado laboral,Trabajadores IMSS construcción,2025,1725.1,miles,IMSS
Mercado laboral,Trabajadores formales,2018,1024.7,miles,INEGI ENOE
Mercado laboral,Trabajadores formales,2019,939.7,miles,INEGI ENOE
Mercado laboral,Trabajadores formales,2020,871.0,miles,INEGI ENOE
Mercado laboral,Trabajadores formales,2021,854.3,miles,INEGI ENOE
Mercado laboral,Trabajadores formales,2022,953.0,miles,INEGI ENOE
Mercado laboral,Trabajadores formales,2023,1051.5,miles,INEGI ENOE
Mercado laboral,Trabajadores formales,2024,995.5,miles,INEGI ENOE
Mercado laboral,Trabajadores formales,2025,883.4,miles,INEGI ENOE
Mercado laboral,Trabajadores informales,2018,3350.9,miles,INEGI ENOE
Mercado laboral,Trabajadores informales,2019,3285.7,miles,INEGI ENOE
Mercado laboral,Trabajadores informales,2020,3401.1,miles,INEGI ENOE
Mercado laboral,Trabajadores informales,2021,3529.6,miles,INEGI ENOE
Mercado laboral,Trabajadores informales,2022,3522.6,miles,INEGI ENOE
Mercado laboral,Trabajadores informales,2023,3659.0,miles,INEGI ENOE
Mercado laboral,Trabajadores informales,2024,3596.7,miles,INEGI ENOE
Mercado laboral,Trabajadores informales,2025,3735.9,miles,INEGI ENOE
Producción de vivienda,Financiamientos CONAVI,2026-05,5903.0,acciones,SNIIV / CONAVI
Producción de vivienda,Financiamientos registrados,2026-05,260857.0,acciones,SNIIV / CONAVI
Producción de vivienda,Inventario activo RUV,2026-05,377480.0,viviendas,SNIIV / CONAVI
Producción de vivienda,PVB hectáreas,2026-06-15,560.0,hectáreas,SNIIV / CONAVI
Producción de vivienda,PVB predios,2026-06-15,138.0,predios,SNIIV / CONAVI
Producción de vivienda,PVB viviendas,2026-06-15,73490.0,viviendas,SNIIV / CONAVI
Producción de vivienda,Viviendas con inicio de obra,2018,259.0,miles de viviendas,RUV / SNIIV
Producción de vivienda,Viviendas con inicio de obra,2019,187.9,miles de viviendas,RUV / SNIIV
Producción de vivienda,Viviendas con inicio de obra,2020,160.8,miles de viviendas,RUV / SNIIV
Producción de vivienda,Viviendas con inicio de obra,2021,219.3,miles de viviendas,RUV / SNIIV
Producción de vivienda,Viviendas con inicio de obra,2022,118.0,miles de viviendas,RUV / SNIIV
Producción de vivienda,Viviendas con inicio de obra,2023,141.6,miles de viviendas,RUV / SNIIV
Producción de vivienda,Viviendas con inicio de obra,2024,152.8,miles de viviendas,RUV / SNIIV
Producción de vivienda,Viviendas con inicio de obra,2025,82.9,miles de viviendas,RUV / SNIIV
Producción de vivienda,Viviendas registradas,2018,263.0,miles de viviendas,RUV / SNIIV
Producción de vivienda,Viviendas registradas,2019,189.0,miles de viviendas,RUV / SNIIV
Producción de vivienda,Viviendas registradas,2020,181.7,miles de viviendas,RUV / SNIIV
Producción de vivienda,Viviendas registradas,2021,257.4,miles de viviendas,RUV / SNIIV
Producción de vivienda,Viviendas registradas,2022,144.6,miles de viviendas,RUV / SNIIV
Producción de vivienda,Viviendas registradas,2023,165.5,miles de viviendas,RUV / SNIIV
Producción de vivienda,Viviendas registradas,2024,178.6,miles de viviendas,RUV / SNIIV
Producción de vivienda,Viviendas registradas,2025,91.3,miles de viviendas,RUV / SNIIV
Producción de vivienda,Viviendas terminadas,2018,210.4,miles de viviendas,RUV / SNIIV
Producción de vivienda,Viviendas terminadas,2019,181.0,miles de viviendas,RUV / SNIIV
Producción de vivienda,Viviendas terminadas,2020,151.2,miles de viviendas,RUV / SNIIV
Producción de vivienda,Viviendas terminadas,2021,163.8,miles de viviendas,RUV / SNIIV
Producción de vivienda,Viviendas terminadas,2022,135.6,miles de viviendas,RUV / SNIIV
Producción de vivienda,Viviendas terminadas,2023,131.0,miles de viviendas,RUV / SNIIV
Producción de vivienda,Viviendas terminadas,2024,128.1,miles de viviendas,RUV / SNIIV
Producción de vivienda,Viviendas terminadas,2025,62.1,miles de viviendas,RUV / SNIIV
Mercado inmobiliario y precios,INPP construcción residencial,2018,6.7,%,INEGI
Mercado inmobiliario y precios,INPP construcción residencial,2019,0.2,%,INEGI
Mercado inmobiliario y precios,INPP construcción residencial,2020,8.6,%,INEGI
Mercado inmobiliario y precios,INPP construcción residencial,2021,12.7,%,INEGI
Mercado inmobiliario y precios,INPP construcción residencial,2022,10.1,%,INEGI
Mercado inmobiliario y precios,INPP construcción residencial,2023,3.9,%,INEGI
Mercado inmobiliario y precios,INPP construcción residencial,2024,3.9,%,INEGI
Mercado inmobiliario y precios,INPP construcción residencial,2025,4.4,%,INEGI
Mercado inmobiliario y precios,Tasa crédito puente,2018,12.0,%,Serie histórica del maestro
Mercado inmobiliario y precios,Tasa crédito puente,2019,11.1,%,Serie histórica del maestro
Mercado inmobiliario y precios,Tasa crédito puente,2020,8.0,%,Serie histórica del maestro
Mercado inmobiliario y precios,Tasa crédito puente,2021,8.9,%,Serie histórica del maestro
Mercado inmobiliario y precios,Tasa crédito puente,2022,13.1,%,Serie histórica del maestro
Mercado inmobiliario y precios,Tasa crédito puente,2023,14.6,%,Serie histórica del maestro
Mercado inmobiliario y precios,Tasa crédito puente,2024,14.5,%,Serie histórica del maestro
Mercado inmobiliario y precios,Tasa crédito puente,2025,12.7,%,Serie histórica del maestro
Mercado inmobiliario y precios,Variación anual Índice SHF,2018,9.3,%,SHF
Mercado inmobiliario y precios,Variación anual Índice SHF,2019,7.7,%,SHF
Mercado inmobiliario y precios,Variación anual Índice SHF,2020,5.4,%,SHF
Mercado inmobiliario y precios,Variación anual Índice SHF,2021,8.6,%,SHF
Mercado inmobiliario y precios,Variación anual Índice SHF,2022,10.4,%,SHF
Mercado inmobiliario y precios,Variación anual Índice SHF,2023,10.0,%,SHF
Mercado inmobiliario y precios,Variación anual Índice SHF,2024,8.7,%,SHF
Mercado inmobiliario y precios,Variación anual Índice SHF,2025,8.7,%,SHF
Mercado inmobiliario y precios,Variación anual Índice SHF,2026,7.3,%,SHF
Condiciones habitacionales,Carencia calidad y espacios,2016,12.0,% de la población,INEGI · Pobreza multidimensional
Condiciones habitacionales,Carencia calidad y espacios,2018,11.0,% de la población,INEGI · Pobreza multidimensional
Condiciones habitacionales,Carencia calidad y espacios,2020,9.3,% de la población,INEGI · Pobreza multidimensional
Condiciones habitacionales,Carencia calidad y espacios,2022,9.1,% de la población,INEGI · Pobreza multidimensional
Condiciones habitacionales,Carencia calidad y espacios,2024,7.9,% de la población,INEGI
Condiciones habitacionales,Carencia servicios básicos,2016,19.2,% de la población,INEGI · Pobreza multidimensional
Condiciones habitacionales,Carencia servicios básicos,2018,19.6,% de la población,INEGI · Pobreza multidimensional
Condiciones habitacionales,Carencia servicios básicos,2020,17.9,% de la población,INEGI · Pobreza multidimensional
Condiciones habitacionales,Carencia servicios básicos,2022,17.8,% de la población,INEGI · Pobreza multidimensional
Condiciones habitacionales,Carencia servicios básicos,2024,14.1,% de la población,INEGI
Condiciones habitacionales,Déficit cualitativo,2024,29.8,%,CONAVI con ENIGH 2024
Condiciones habitacionales,Déficit cualitativo viviendas,2024,11428220.0,viviendas,CONAVI con ENIGH 2024
Condiciones habitacionales,Muros inadecuados,2024,4.0,%,CONAVI con ENIGH 2024
Condiciones habitacionales,Otra tenencia,2024,14.4237640579,%,INEGI ENIGH 2024
Condiciones habitacionales,Pisos inadecuados,2024,2.4,%,CONAVI con ENIGH 2024
Condiciones habitacionales,Techos inadecuados,2024,19.3,%,CONAVI con ENIGH 2024
Condiciones habitacionales,Vivienda propia + pagándose,2016,68.7,% de viviendas,INEGI ENIGH 2016; agregación Propia + Propia pagándose
Condiciones habitacionales,Vivienda propia + pagándose,2018,68.2,% de viviendas,INEGI ENIGH 2018; agregación Propia + Propia pagándose
Condiciones habitacionales,Vivienda propia + pagándose,2020,69.5,% de viviendas,INEGI ENIGH 2020; agregación Propia + Propia pagándose
Condiciones habitacionales,Vivienda propia + pagándose,2022,69.6,% de viviendas,INEGI ENIGH 2022; agregación Propia + Propia pagándose
Condiciones habitacionales,Vivienda propia + pagándose,2024,69.8606389053,% de viviendas,INEGI ENIGH 2024; agregación Propia + Propia pagándose
Condiciones habitacionales,Vivienda propia estricta,2024,59.4183492655,%,INEGI ENIGH 2024
Condiciones habitacionales,Vivienda rentada,2016,14.6,% de viviendas,INEGI ENIGH 2016; agregación Propia + Propia pagándose
Condiciones habitacionales,Vivienda rentada,2018,15.1,% de viviendas,INEGI ENIGH 2018; agregación Propia + Propia pagándose
Condiciones habitacionales,Vivienda rentada,2020,15.2,% de viviendas,INEGI ENIGH 2020; agregación Propia + Propia pagándose
Condiciones habitacionales,Vivienda rentada,2022,15.1,% de viviendas,INEGI ENIGH 2022; agregación Propia + Propia pagándose
Condiciones habitacionales,Vivienda rentada,2024,15.7155970368,% de viviendas,INEGI ENIGH 2024; agregación Propia + Propia pagándose
